,longitude,latitude,region
493,-5.75,36.0,Andalucía
522,-5.5,36.0,Andalucía
551,-5.25,36.0,Ciudad de Ceuta
2639,12.75,36.0,Sicilia
2668,13.0,36.0,Sicilia
3712,-6.25,36.25,Andalucía
3741,-6.0,36.25,Andalucía
3770,-5.75,36.25,Andalucía
3799,-5.5,36.25,Andalucía
3828,-5.25,36.25,Andalucía
6989,-6.25,36.5,Andalucía
7018,-6.0,36.5,Andalucía
7047,-5.75,36.5,Andalucía
7076,-5.5,36.5,Andalucía
7105,-5.25,36.5,Andalucía
7134,-5.0,36.5,Andalucía
7163,-4.75,36.5,Andalucía
7192,-4.5,36.5,Andalucía
10237,-6.5,36.75,Andalucía
10266,-6.25,36.75,Andalucía
10295,-6.0,36.75,Andalucía
10324,-5.75,36.75,Andalucía
10353,-5.5,36.75,Andalucía
10382,-5.25,36.75,Andalucía
10411,-5.0,36.75,Andalucía
10440,-4.75,36.75,Andalucía
10469,-4.5,36.75,Andalucía
10498,-4.25,36.75,Andalucía
10527,-4.0,36.75,Andalucía
10556,-3.75,36.75,Andalucía
10585,-3.5,36.75,Andalucía
10614,-3.25,36.75,Andalucía
10643,-3.0,36.75,Andalucía
10672,-2.75,36.75,Andalucía
10701,-2.5,36.75,Andalucía
10730,-2.25,36.75,Andalucía
10759,-2.0,36.75,Andalucía
12383,12.0,36.75,Sicilia
12673,14.5,36.75,Sicilia
12702,14.75,36.75,Sicilia
12731,15.0,36.75,Sicilia
12760,15.25,36.75,Sicilia
13485,-6.75,37.0,Andalucía
13514,-6.5,37.0,Andalucía
13543,-6.25,37.0,Andalucía
13572,-6.0,37.0,Andalucía
13601,-5.75,37.0,Andalucía
13630,-5.5,37.0,Andalucía
13659,-5.25,37.0,Andalucía
13688,-5.0,37.0,Andalucía
13717,-4.75,37.0,Andalucía
13746,-4.5,37.0,Andalucía
13775,-4.25,37.0,Andalucía
13804,-4.0,37.0,Andalucía
13833,-3.75,37.0,Andalucía
13862,-3.5,37.0,Andalucía
13891,-3.25,37.0,Andalucía
13920,-3.0,37.0,Andalucía
13949,-2.75,37.0,Andalucía
13978,-2.5,37.0,Andalucía
14007,-2.25,37.0,Andalucía
14036,-2.0,37.0,Andalucía
14065,-1.75,37.0,Andalucía
15863,13.75,37.0,Sicilia
15892,14.0,37.0,Sicilia
15921,14.25,37.0,Sicilia
15950,14.5,37.0,Sicilia
15979,14.75,37.0,Sicilia
16008,15.0,37.0,Sicilia
16037,15.25,37.0,Sicilia
16675,-7.5,37.25,Andalucía
16704,-7.25,37.25,Andalucía
16733,-7.0,37.25,Andalucía
16762,-6.75,37.25,Andalucía
16791,-6.5,37.25,Andalucía
16820,-6.25,37.25,Andalucía
16849,-6.0,37.25,Andalucía
16878,-5.75,37.25,Andalucía
16907,-5.5,37.25,Andalucía
16936,-5.25,37.25,Andalucía
16965,-5.0,37.25,Andalucía
16994,-4.75,37.25,Andalucía
17023,-4.5,37.25,Andalucía
17052,-4.25,37.25,Andalucía
17081,-4.0,37.25,Andalucía
17110,-3.75,37.25,Andalucía
17139,-3.5,37.25,Andalucía
17168,-3.25,37.25,Andalucía
17197,-3.0,37.25,Andalucía
17226,-2.75,37.25,Andalucía
17255,-2.5,37.25,Andalucía
17284,-2.25,37.25,Andalucía
17313,-2.0,37.25,Andalucía
17342,-1.75,37.25,Andalucía
19082,13.25,37.25,Sicilia
19111,13.5,37.25,Sicilia
19140,13.75,37.25,Sicilia
19169,14.0,37.25,Sicilia
19198,14.25,37.25,Sicilia
19227,14.5,37.25,Sicilia
19256,14.75,37.25,Sicilia
19285,15.0,37.25,Sicilia
19314,15.25,37.25,Sicilia
19952,-7.5,37.5,Andalucía
19981,-7.25,37.5,Andalucía
20010,-7.0,37.5,Andalucía
20039,-6.75,37.5,Andalucía
20068,-6.5,37.5,Andalucía
20097,-6.25,37.5,Andalucía
20126,-6.0,37.5,Andalucía
20155,-5.75,37.5,Andalucía
20184,-5.5,37.5,Andalucía
20213,-5.25,37.5,Andalucía
20242,-5.0,37.5,Andalucía
20271,-4.75,37.5,Andalucía
20300,-4.5,37.5,Andalucía
20329,-4.25,37.5,Andalucía
20358,-4.0,37.5,Andalucía
20387,-3.75,37.5,Andalucía
20416,-3.5,37.5,Andalucía
20445,-3.25,37.5,Andalucía
20474,-3.0,37.5,Andalucía
20503,-2.75,37.5,Andalucía
20532,-2.5,37.5,Andalucía
20561,-2.25,37.5,Andalucía
20590,-2.0,37.5,Andalucía
20619,-1.75,37.5,Región de Murcia
20648,-1.5,37.5,Región de Murcia
20677,-1.25,37.5,Región de Murcia
20706,-1.0,37.5,Región de Murcia
20735,-0.75,37.5,Región de Murcia
22272,12.5,37.5,Sicilia
22301,12.75,37.5,Sicilia
22330,13.0,37.5,Sicilia
22359,13.25,37.5,Sicilia
22388,13.5,37.5,Sicilia
22417,13.75,37.5,Sicilia
22446,14.0,37.5,Sicilia
22475,14.25,37.5,Sicilia
22504,14.5,37.5,Sicilia
22533,14.75,37.5,Sicilia
22562,15.0,37.5,Sicilia
22591,15.25,37.5,Sicilia
23229,-7.5,37.75,Andalucía
23258,-7.25,37.75,Andalucía
23287,-7.0,37.75,Andalucía
23316,-6.75,37.75,Andalucía
23345,-6.5,37.75,Andalucía
23374,-6.25,37.75,Andalucía
23403,-6.0,37.75,Andalucía
23432,-5.75,37.75,Andalucía
23461,-5.5,37.75,Andalucía
23490,-5.25,37.75,Andalucía
23519,-5.0,37.75,Andalucía
23548,-4.75,37.75,Andalucía
23577,-4.5,37.75,Andalucía
23606,-4.25,37.75,Andalucía
23635,-4.0,37.75,Andalucía
23664,-3.75,37.75,Andalucía
23693,-3.5,37.75,Andalucía
23722,-3.25,37.75,Andalucía
23751,-3.0,37.75,Andalucía
23780,-2.75,37.75,Andalucía
23809,-2.5,37.75,Andalucía
23838,-2.25,37.75,Andalucía
23867,-2.0,37.75,Andalucía
23896,-1.75,37.75,Región de Murcia
23925,-1.5,37.75,Región de Murcia
23954,-1.25,37.75,Región de Murcia
23983,-1.0,37.75,Región de Murcia
24012,-0.75,37.75,Región de Murcia
25549,12.5,37.75,Sicilia
25578,12.75,37.75,Sicilia
25607,13.0,37.75,Sicilia
25636,13.25,37.75,Sicilia
25665,13.5,37.75,Sicilia
25694,13.75,37.75,Sicilia
25723,14.0,37.75,Sicilia
25752,14.25,37.75,Sicilia
25781,14.5,37.75,Sicilia
25810,14.75,37.75,Sicilia
25839,15.0,37.75,Sicilia
25868,15.25,37.75,Sicilia
26535,-7.25,38.0,Andalucía
26564,-7.0,38.0,Andalucía
26593,-6.75,38.0,Andalucía
26622,-6.5,38.0,Andalucía
26651,-6.25,38.0,Extremadura
26680,-6.0,38.0,Andalucía
26709,-5.75,38.0,Andalucía
26738,-5.5,38.0,Andalucía
26767,-5.25,38.0,Andalucía
26796,-5.0,38.0,Andalucía
26825,-4.75,38.0,Andalucía
26854,-4.5,38.0,Andalucía
26883,-4.25,38.0,Andalucía
26912,-4.0,38.0,Andalucía
26941,-3.75,38.0,Andalucía
26970,-3.5,38.0,Andalucía
26999,-3.25,38.0,Andalucía
27028,-3.0,38.0,Andalucía
27057,-2.75,38.0,Andalucía
27086,-2.5,38.0,Andalucía
27115,-2.25,38.0,Región de Murcia
27144,-2.0,38.0,Región de Murcia
27173,-1.75,38.0,Región de Murcia
27202,-1.5,38.0,Región de Murcia
27231,-1.25,38.0,Región de Murcia
27260,-1.0,38.0,Región de Murcia
27289,-0.75,38.0,Comunitat Valenciana
28768,12.0,38.0,Sicilia
28797,12.25,38.0,Sicilia
28826,12.5,38.0,Sicilia
28855,12.75,38.0,Sicilia
28884,13.0,38.0,Sicilia
28913,13.25,38.0,Sicilia
28942,13.5,38.0,Sicilia
28971,13.75,38.0,Sicilia
29000,14.0,38.0,Sicilia
29029,14.25,38.0,Sicilia
29058,14.5,38.0,Sicilia
29087,14.75,38.0,Sicilia
29116,15.0,38.0,Sicilia
29145,15.25,38.0,Sicilia
29174,15.5,38.0,Sicilia
29203,15.75,38.0,Calabria
29232,16.0,38.0,Calabria
29261,16.25,38.0,Calabria
29812,-7.25,38.25,Extremadura
29841,-7.0,38.25,Extremadura
29870,-6.75,38.25,Extremadura
29899,-6.5,38.25,Extremadura
29928,-6.25,38.25,Extremadura
29957,-6.0,38.25,Extremadura
29986,-5.75,38.25,Extremadura
30015,-5.5,38.25,Andalucía
30044,-5.25,38.25,Andalucía
30073,-5.0,38.25,Andalucía
30102,-4.75,38.25,Andalucía
30131,-4.5,38.25,Andalucía
30160,-4.25,38.25,Andalucía
30189,-4.0,38.25,Andalucía
30218,-3.75,38.25,Andalucía
30247,-3.5,38.25,Andalucía
30276,-3.25,38.25,Andalucía
30305,-3.0,38.25,Andalucía
30334,-2.75,38.25,Andalucía
30363,-2.5,38.25,Andalucía
30392,-2.25,38.25,Castilla-La Mancha
30421,-2.0,38.25,Región de Murcia
30450,-1.75,38.25,Región de Murcia
30479,-1.5,38.25,Región de Murcia
30508,-1.25,38.25,Región de Murcia
30537,-1.0,38.25,Comunitat Valenciana
30566,-0.75,38.25,Comunitat Valenciana
30595,-0.5,38.25,Comunitat Valenciana
32132,12.75,38.25,Sicilia
32161,13.0,38.25,Sicilia
32190,13.25,38.25,Sicilia
32219,13.5,38.25,Sicilia
32364,14.75,38.25,Sicilia
32393,15.0,38.25,Sicilia
32422,15.25,38.25,Sicilia
32451,15.5,38.25,Sicilia
32480,15.75,38.25,Calabria
32509,16.0,38.25,Calabria
32538,16.25,38.25,Calabria
32567,16.5,38.25,Calabria
33089,-7.25,38.5,Extremadura
33118,-7.0,38.5,Extremadura
33147,-6.75,38.5,Extremadura
33176,-6.5,38.5,Extremadura
33205,-6.25,38.5,Extremadura
33234,-6.0,38.5,Extremadura
33263,-5.75,38.5,Extremadura
33292,-5.5,38.5,Extremadura
33321,-5.25,38.5,Andalucía
33350,-5.0,38.5,Andalucía
33379,-4.75,38.5,Andalucía
33408,-4.5,38.5,Castilla-La Mancha
33437,-4.25,38.5,Castilla-La Mancha
33466,-4.0,38.5,Castilla-La Mancha
33495,-3.75,38.5,Castilla-La Mancha
33524,-3.5,38.5,Castilla-La Mancha
33553,-3.25,38.5,Castilla-La Mancha
33582,-3.0,38.5,Castilla-La Mancha
33611,-2.75,38.5,Andalucía
33640,-2.5,38.5,Castilla-La Mancha
33669,-2.25,38.5,Castilla-La Mancha
33698,-2.0,38.5,Castilla-La Mancha
33727,-1.75,38.5,Castilla-La Mancha
33756,-1.5,38.5,Castilla-La Mancha
33785,-1.25,38.5,Región de Murcia
33814,-1.0,38.5,Comunitat Valenciana
33843,-0.75,38.5,Comunitat Valenciana
33872,-0.5,38.5,Comunitat Valenciana
33901,-0.25,38.5,Comunitat Valenciana
33930,0.0,38.5,Comunitat Valenciana
35583,14.25,38.5,Sicilia
35612,14.5,38.5,Sicilia
35641,14.75,38.5,Sicilia
35670,15.0,38.5,Sicilia
35757,15.75,38.5,Calabria
35786,16.0,38.5,Calabria
35815,16.25,38.5,Calabria
35844,16.5,38.5,Calabria
36366,-7.25,38.75,Extremadura
36395,-7.0,38.75,Extremadura
36424,-6.75,38.75,Extremadura
36453,-6.5,38.75,Extremadura
36482,-6.25,38.75,Extremadura
36511,-6.0,38.75,Extremadura
36540,-5.75,38.75,Extremadura
36569,-5.5,38.75,Extremadura
36598,-5.25,38.75,Extremadura
36627,-5.0,38.75,Extremadura
36656,-4.75,38.75,Castilla-La Mancha
36685,-4.5,38.75,Castilla-La Mancha
36714,-4.25,38.75,Castilla-La Mancha
36743,-4.0,38.75,Castilla-La Mancha
36772,-3.75,38.75,Castilla-La Mancha
36801,-3.5,38.75,Castilla-La Mancha
36830,-3.25,38.75,Castilla-La Mancha
36859,-3.0,38.75,Castilla-La Mancha
36888,-2.75,38.75,Castilla-La Mancha
36917,-2.5,38.75,Castilla-La Mancha
36946,-2.25,38.75,Castilla-La Mancha
36975,-2.0,38.75,Castilla-La Mancha
37004,-1.75,38.75,Castilla-La Mancha
37033,-1.5,38.75,Castilla-La Mancha
37062,-1.25,38.75,Castilla-La Mancha
37091,-1.0,38.75,Castilla-La Mancha
37120,-0.75,38.75,Comunitat Valenciana
37149,-0.5,38.75,Comunitat Valenciana
37178,-0.25,38.75,Comunitat Valenciana
37207,0.0,38.75,Comunitat Valenciana
37236,0.25,38.75,Comunitat Valenciana
37352,1.25,38.75,Illes Balears
37381,1.5,38.75,Illes Balears
38744,13.25,38.75,Sicilia
38976,15.25,38.75,Sicilia
39034,15.75,38.75,Calabria
39063,16.0,38.75,Calabria
39092,16.25,38.75,Calabria
39121,16.5,38.75,Calabria
39150,16.75,38.75,Calabria
39643,-7.25,39.0,Extremadura
39672,-7.0,39.0,Extremadura
39701,-6.75,39.0,Extremadura
39730,-6.5,39.0,Extremadura
39759,-6.25,39.0,Extremadura
39788,-6.0,39.0,Extremadura
39817,-5.75,39.0,Extremadura
39846,-5.5,39.0,Extremadura
39875,-5.25,39.0,Extremadura
39904,-5.0,39.0,Extremadura
39933,-4.75,39.0,Castilla-La Mancha
39962,-4.5,39.0,Castilla-La Mancha
39991,-4.25,39.0,Castilla-La Mancha
40020,-4.0,39.0,Castilla-La Mancha
40049,-3.75,39.0,Castilla-La Mancha
40078,-3.5,39.0,Castilla-La Mancha
40107,-3.25,39.0,Castilla-La Mancha
40136,-3.0,39.0,Castilla-La Mancha
40165,-2.75,39.0,Castilla-La Mancha
40194,-2.5,39.0,Castilla-La Mancha
40223,-2.25,39.0,Castilla-La Mancha
40252,-2.0,39.0,Castilla-La Mancha
40281,-1.75,39.0,Castilla-La Mancha
40310,-1.5,39.0,Castilla-La Mancha
40339,-1.25,39.0,Castilla-La Mancha
40368,-1.0,39.0,Comunitat Valenciana
40397,-0.75,39.0,Comunitat Valenciana
40426,-0.5,39.0,Comunitat Valenciana
40455,-0.25,39.0,Comunitat Valenciana
40484,0.0,39.0,Comunitat Valenciana
40629,1.25,39.0,Illes Balears
40658,1.5,39.0,Illes Balears
40832,3.0,39.0,Illes Balears
41441,8.25,39.0,Sardegna
41470,8.5,39.0,Sardegna
41499,8.75,39.0,Sardegna
41528,9.0,39.0,Sardegna
41586,9.5,39.0,Sardegna
42340,16.0,39.0,Calabria
42369,16.25,39.0,Calabria
42398,16.5,39.0,Calabria
42427,16.75,39.0,Calabria
42456,17.0,39.0,Calabria
42485,17.25,39.0,Calabria
42920,-7.25,39.25,Extremadura
42949,-7.0,39.25,Extremadura
42978,-6.75,39.25,Extremadura
43007,-6.5,39.25,Extremadura
43036,-6.25,39.25,Extremadura
43065,-6.0,39.25,Extremadura
43094,-5.75,39.25,Extremadura
43123,-5.5,39.25,Extremadura
43152,-5.25,39.25,Extremadura
43181,-5.0,39.25,Extremadura
43210,-4.75,39.25,Extremadura
43239,-4.5,39.25,Castilla-La Mancha
43268,-4.25,39.25,Castilla-La Mancha
43297,-4.0,39.25,Castilla-La Mancha
43326,-3.75,39.25,Castilla-La Mancha
43355,-3.5,39.25,Castilla-La Mancha
43384,-3.25,39.25,Castilla-La Mancha
43413,-3.0,39.25,Castilla-La Mancha
43442,-2.75,39.25,Castilla-La Mancha
43471,-2.5,39.25,Castilla-La Mancha
43500,-2.25,39.25,Castilla-La Mancha
43529,-2.0,39.25,Castilla-La Mancha
43558,-1.75,39.25,Castilla-La Mancha
43587,-1.5,39.25,Castilla-La Mancha
43616,-1.25,39.25,Castilla-La Mancha
43645,-1.0,39.25,Comunitat Valenciana
43674,-0.75,39.25,Comunitat Valenciana
43703,-0.5,39.25,Comunitat Valenciana
43732,-0.25,39.25,Comunitat Valenciana
44080,2.75,39.25,Illes Balears
44109,3.0,39.25,Illes Balears
44138,3.25,39.25,Illes Balears
44718,8.25,39.25,Sardegna
44747,8.5,39.25,Sardegna
44776,8.75,39.25,Sardegna
44805,9.0,39.25,Sardegna
44834,9.25,39.25,Sardegna
44863,9.5,39.25,Sardegna
45617,16.0,39.25,Calabria
45646,16.25,39.25,Calabria
45675,16.5,39.25,Calabria
45704,16.75,39.25,Calabria
45733,17.0,39.25,Calabria
45762,17.25,39.25,Calabria
46168,-7.5,39.5,Extremadura
46197,-7.25,39.5,Extremadura
46226,-7.0,39.5,Extremadura
46255,-6.75,39.5,Extremadura
46284,-6.5,39.5,Extremadura
46313,-6.25,39.5,Extremadura
46342,-6.0,39.5,Extremadura
46371,-5.75,39.5,Extremadura
46400,-5.5,39.5,Extremadura
46429,-5.25,39.5,Extremadura
46458,-5.0,39.5,Castilla-La Mancha
46487,-4.75,39.5,Castilla-La Mancha
46516,-4.5,39.5,Castilla-La Mancha
46545,-4.25,39.5,Castilla-La Mancha
46574,-4.0,39.5,Castilla-La Mancha
46603,-3.75,39.5,Castilla-La Mancha
46632,-3.5,39.5,Castilla-La Mancha
46661,-3.25,39.5,Castilla-La Mancha
46690,-3.0,39.5,Castilla-La Mancha
46719,-2.75,39.5,Castilla-La Mancha
46748,-2.5,39.5,Castilla-La Mancha
46777,-2.25,39.5,Castilla-La Mancha
46806,-2.0,39.5,Castilla-La Mancha
46835,-1.75,39.5,Castilla-La Mancha
46864,-1.5,39.5,Castilla-La Mancha
46893,-1.25,39.5,Comunitat Valenciana
46922,-1.0,39.5,Comunitat Valenciana
46951,-0.75,39.5,Comunitat Valenciana
46980,-0.5,39.5,Comunitat Valenciana
47009,-0.25,39.5,Comunitat Valenciana
47299,2.25,39.5,Illes Balears
47328,2.5,39.5,Illes Balears
47357,2.75,39.5,Illes Balears
47386,3.0,39.5,Illes Balears
47415,3.25,39.5,Illes Balears
47444,3.5,39.5,Illes Balears
48024,8.5,39.5,Sardegna
48053,8.75,39.5,Sardegna
48082,9.0,39.5,Sardegna
48111,9.25,39.5,Sardegna
48140,9.5,39.5,Sardegna
48169,9.75,39.5,Sardegna
48865,15.75,39.5,Calabria
48894,16.0,39.5,Calabria
48923,16.25,39.5,Calabria
48952,16.5,39.5,Calabria
48981,16.75,39.5,Calabria
49010,17.0,39.5,Calabria
49039,17.25,39.5,Calabria
49445,-7.5,39.75,Extremadura
49474,-7.25,39.75,Extremadura
49503,-7.0,39.75,Extremadura
49532,-6.75,39.75,Extremadura
49561,-6.5,39.75,Extremadura
49590,-6.25,39.75,Extremadura
49619,-6.0,39.75,Extremadura
49648,-5.75,39.75,Extremadura
49677,-5.5,39.75,Extremadura
49706,-5.25,39.75,Extremadura
49735,-5.0,39.75,Castilla-La Mancha
49764,-4.75,39.75,Castilla-La Mancha
49793,-4.5,39.75,Castilla-La Mancha
49822,-4.25,39.75,Castilla-La Mancha
49851,-4.0,39.75,Castilla-La Mancha
49880,-3.75,39.75,Castilla-La Mancha
49909,-3.5,39.75,Castilla-La Mancha
49938,-3.25,39.75,Castilla-La Mancha
49967,-3.0,39.75,Castilla-La Mancha
49996,-2.75,39.75,Castilla-La Mancha
50025,-2.5,39.75,Castilla-La Mancha
50054,-2.25,39.75,Castilla-La Mancha
50083,-2.0,39.75,Castilla-La Mancha
50112,-1.75,39.75,Castilla-La Mancha
50141,-1.5,39.75,Castilla-La Mancha
50170,-1.25,39.75,Comunitat Valenciana
50199,-1.0,39.75,Comunitat Valenciana
50228,-0.75,39.75,Comunitat Valenciana
50257,-0.5,39.75,Comunitat Valenciana
50286,-0.25,39.75,Comunitat Valenciana
50315,0.0,39.75,Comunitat Valenciana
50605,2.5,39.75,Illes Balears
50634,2.75,39.75,Illes Balears
50663,3.0,39.75,Illes Balears
50692,3.25,39.75,Illes Balears
50721,3.5,39.75,Illes Balears
50779,4.0,39.75,Illes Balears
50808,4.25,39.75,Illes Balears
51301,8.5,39.75,Sardegna
51330,8.75,39.75,Sardegna
51359,9.0,39.75,Sardegna
51388,9.25,39.75,Sardegna
51417,9.5,39.75,Sardegna
51446,9.75,39.75,Sardegna
52142,15.75,39.75,Calabria
52171,16.0,39.75,Calabria
52200,16.25,39.75,Calabria
52229,16.5,39.75,Calabria
52780,-7.0,40.0,Extremadura
52809,-6.75,40.0,Extremadura
52838,-6.5,40.0,Extremadura
52867,-6.25,40.0,Extremadura
52896,-6.0,40.0,Extremadura
52925,-5.75,40.0,Extremadura
52954,-5.5,40.0,Extremadura
52983,-5.25,40.0,Castilla-La Mancha
53012,-5.0,40.0,Castilla-La Mancha
53041,-4.75,40.0,Castilla-La Mancha
53070,-4.5,40.0,Castilla-La Mancha
53099,-4.25,40.0,Castilla-La Mancha
53128,-4.0,40.0,Castilla-La Mancha
53157,-3.75,40.0,Castilla-La Mancha
53186,-3.5,40.0,Castilla-La Mancha
53215,-3.25,40.0,Castilla-La Mancha
53244,-3.0,40.0,Castilla-La Mancha
53273,-2.75,40.0,Castilla-La Mancha
53302,-2.5,40.0,Castilla-La Mancha
53331,-2.25,40.0,Castilla-La Mancha
53360,-2.0,40.0,Castilla-La Mancha
53389,-1.75,40.0,Castilla-La Mancha
53418,-1.5,40.0,Castilla-La Mancha
53447,-1.25,40.0,Comunitat Valenciana
53476,-1.0,40.0,Aragón
53505,-0.75,40.0,Comunitat Valenciana
53534,-0.5,40.0,Comunitat Valenciana
53563,-0.25,40.0,Comunitat Valenciana
53592,0.0,40.0,Comunitat Valenciana
53621,0.25,40.0,Comunitat Valenciana
53911,2.75,40.0,Illes Balears
53940,3.0,40.0,Illes Balears
53969,3.25,40.0,Illes Balears
54027,3.75,40.0,Illes Balears
54056,4.0,40.0,Illes Balears
54085,4.25,40.0,Illes Balears
54578,8.5,40.0,Sardegna
54607,8.75,40.0,Sardegna
54636,9.0,40.0,Sardegna
54665,9.25,40.0,Sardegna
54694,9.5,40.0,Sardegna
54723,9.75,40.0,Sardegna
55361,15.25,40.0,Campania
55390,15.5,40.0,Campania
55419,15.75,40.0,Basilicata
55448,16.0,40.0,Basilicata
55477,16.25,40.0,Basilicata
55506,16.5,40.0,Calabria
55535,16.75,40.0,Calabria
55680,18.0,40.0,Puglia
56057,-7.0,40.25,Extremadura
56086,-6.75,40.25,Extremadura
56115,-6.5,40.25,Extremadura
56144,-6.25,40.25,Extremadura
56173,-6.0,40.25,Extremadura
56202,-5.75,40.25,Extremadura
56231,-5.5,40.25,Castilla y León
56260,-5.25,40.25,Castilla y León
56289,-5.0,40.25,Castilla y León
56318,-4.75,40.25,Castilla y León
56347,-4.5,40.25,Castilla-La Mancha
56376,-4.25,40.25,Castilla-La Mancha
56405,-4.0,40.25,Comunidad de Madrid
56434,-3.75,40.25,Comunidad de Madrid
56463,-3.5,40.25,Comunidad de Madrid
56492,-3.25,40.25,Comunidad de Madrid
56521,-3.0,40.25,Castilla-La Mancha
56550,-2.75,40.25,Castilla-La Mancha
56579,-2.5,40.25,Castilla-La Mancha
56608,-2.25,40.25,Castilla-La Mancha
56637,-2.0,40.25,Castilla-La Mancha
56666,-1.75,40.25,Castilla-La Mancha
56695,-1.5,40.25,Aragón
56724,-1.25,40.25,Aragón
56753,-1.0,40.25,Aragón
56782,-0.75,40.25,Aragón
56811,-0.5,40.25,Aragón
56840,-0.25,40.25,Comunitat Valenciana
56869,0.0,40.25,Comunitat Valenciana
56898,0.25,40.25,Comunitat Valenciana
56927,0.5,40.25,Comunitat Valenciana
57855,8.5,40.25,Sardegna
57884,8.75,40.25,Sardegna
57913,9.0,40.25,Sardegna
57942,9.25,40.25,Sardegna
57971,9.5,40.25,Sardegna
58000,9.75,40.25,Sardegna
58609,15.0,40.25,Campania
58638,15.25,40.25,Campania
58667,15.5,40.25,Campania
58696,15.75,40.25,Basilicata
58725,16.0,40.25,Basilicata
58754,16.25,40.25,Basilicata
58783,16.5,40.25,Basilicata
58812,16.75,40.25,Basilicata
58870,17.25,40.25,Puglia
58899,17.5,40.25,Puglia
58928,17.75,40.25,Puglia
58957,18.0,40.25,Puglia
59363,-6.75,40.5,Castilla y León
59392,-6.5,40.5,Castilla y León
59421,-6.25,40.5,Castilla y León
59450,-6.0,40.5,Castilla y León
59479,-5.75,40.5,Castilla y León
59508,-5.5,40.5,Castilla y León
59537,-5.25,40.5,Castilla y León
59566,-5.0,40.5,Castilla y León
59595,-4.75,40.5,Castilla y León
59624,-4.5,40.5,Castilla y León
59653,-4.25,40.5,Comunidad de Madrid
59682,-4.0,40.5,Comunidad de Madrid
59711,-3.75,40.5,Comunidad de Madrid
59740,-3.5,40.5,Comunidad de Madrid
59769,-3.25,40.5,Comunidad de Madrid
59798,-3.0,40.5,Castilla-La Mancha
59827,-2.75,40.5,Castilla-La Mancha
59856,-2.5,40.5,Castilla-La Mancha
59885,-2.25,40.5,Castilla-La Mancha
59914,-2.0,40.5,Castilla-La Mancha
59943,-1.75,40.5,Castilla-La Mancha
59972,-1.5,40.5,Aragón
60001,-1.25,40.5,Aragón
60030,-1.0,40.5,Aragón
60059,-0.75,40.5,Aragón
60088,-0.5,40.5,Aragón
60117,-0.25,40.5,Comunitat Valenciana
60146,0.0,40.5,Comunitat Valenciana
60175,0.25,40.5,Comunitat Valenciana
60204,0.5,40.5,Comunitat Valenciana
60233,0.75,40.5,Cataluña
61103,8.25,40.5,Sardegna
61132,8.5,40.5,Sardegna
61161,8.75,40.5,Sardegna
61190,9.0,40.5,Sardegna
61219,9.25,40.5,Sardegna
61248,9.5,40.5,Sardegna
61277,9.75,40.5,Sardegna
61799,14.25,40.5,Campania
61828,14.5,40.5,Campania
61857,14.75,40.5,Campania
61886,15.0,40.5,Campania
61915,15.25,40.5,Campania
61944,15.5,40.5,Campania
61973,15.75,40.5,Basilicata
62002,16.0,40.5,Basilicata
62031,16.25,40.5,Basilicata
62060,16.5,40.5,Basilicata
62089,16.75,40.5,Basilicata
62118,17.0,40.5,Puglia
62147,17.25,40.5,Puglia
62176,17.5,40.5,Puglia
62205,17.75,40.5,Puglia
62234,18.0,40.5,Puglia
62640,-6.75,40.75,Castilla y León
62669,-6.5,40.75,Castilla y León
62698,-6.25,40.75,Castilla y León
62727,-6.0,40.75,Castilla y León
62756,-5.75,40.75,Castilla y León
62785,-5.5,40.75,Castilla y León
62814,-5.25,40.75,Castilla y León
62843,-5.0,40.75,Castilla y León
62872,-4.75,40.75,Castilla y León
62901,-4.5,40.75,Castilla y León
62930,-4.25,40.75,Castilla y León
62959,-4.0,40.75,Comunidad de Madrid
62988,-3.75,40.75,Comunidad de Madrid
63017,-3.5,40.75,Comunidad de Madrid
63046,-3.25,40.75,Castilla-La Mancha
63075,-3.0,40.75,Castilla-La Mancha
63104,-2.75,40.75,Castilla-La Mancha
63133,-2.5,40.75,Castilla-La Mancha
63162,-2.25,40.75,Castilla-La Mancha
63191,-2.0,40.75,Castilla-La Mancha
63220,-1.75,40.75,Castilla-La Mancha
63249,-1.5,40.75,Aragón
63278,-1.25,40.75,Aragón
63307,-1.0,40.75,Aragón
63336,-0.75,40.75,Aragón
63365,-0.5,40.75,Aragón
63394,-0.25,40.75,Aragón
63423,0.0,40.75,Aragón
63452,0.25,40.75,Cataluña
63481,0.5,40.75,Cataluña
63510,0.75,40.75,Cataluña
64380,8.25,40.75,Sardegna
64409,8.5,40.75,Sardegna
64438,8.75,40.75,Sardegna
64467,9.0,40.75,Sardegna
64496,9.25,40.75,Sardegna
64525,9.5,40.75,Sardegna
64554,9.75,40.75,Sardegna
65018,13.75,40.75,Campania
65047,14.0,40.75,Campania
65076,14.25,40.75,Campania
65105,14.5,40.75,Campania
65134,14.75,40.75,Campania
65163,15.0,40.75,Campania
65192,15.25,40.75,Campania
65221,15.5,40.75,Basilicata
65250,15.75,40.75,Basilicata
65279,16.0,40.75,Basilicata
65308,16.25,40.75,Basilicata
65337,16.5,40.75,Puglia
65366,16.75,40.75,Puglia
65395,17.0,40.75,Puglia
65424,17.25,40.75,Puglia
65453,17.5,40.75,Puglia
65482,17.75,40.75,Puglia
65511,18.0,40.75,Puglia
65888,-7.0,41.0,Castilla y León
65917,-6.75,41.0,Castilla y León
65946,-6.5,41.0,Castilla y León
65975,-6.25,41.0,Castilla y León
66004,-6.0,41.0,Castilla y León
66033,-5.75,41.0,Castilla y León
66062,-5.5,41.0,Castilla y León
66091,-5.25,41.0,Castilla y León
66120,-5.0,41.0,Castilla y León
66149,-4.75,41.0,Castilla y León
66178,-4.5,41.0,Castilla y León
66207,-4.25,41.0,Castilla y León
66236,-4.0,41.0,Castilla y León
66265,-3.75,41.0,Comunidad de Madrid
66294,-3.5,41.0,Comunidad de Madrid
66323,-3.25,41.0,Castilla-La Mancha
66352,-3.0,41.0,Castilla-La Mancha
66381,-2.75,41.0,Castilla-La Mancha
66410,-2.5,41.0,Castilla-La Mancha
66439,-2.25,41.0,Castilla-La Mancha
66468,-2.0,41.0,Castilla-La Mancha
66497,-1.75,41.0,Castilla-La Mancha
66526,-1.5,41.0,Aragón
66555,-1.25,41.0,Aragón
66584,-1.0,41.0,Aragón
66613,-0.75,41.0,Aragón
66642,-0.5,41.0,Aragón
66671,-0.25,41.0,Aragón
66700,0.0,41.0,Aragón
66729,0.25,41.0,Aragón
66758,0.5,41.0,Cataluña
66787,0.75,41.0,Cataluña
66816,1.0,41.0,Cataluña
66845,1.25,41.0,Cataluña
67657,8.25,41.0,Sardegna
67715,8.75,41.0,Sardegna
67744,9.0,41.0,Sardegna
67773,9.25,41.0,Sardegna
67802,9.5,41.0,Sardegna
67831,9.75,41.0,Sardegna
68295,13.75,41.0,Campania
68324,14.0,41.0,Campania
68353,14.25,41.0,Campania
68382,14.5,41.0,Campania
68411,14.75,41.0,Campania
68440,15.0,41.0,Campania
68469,15.25,41.0,Campania
68498,15.5,41.0,Campania
68527,15.75,41.0,Basilicata
68556,16.0,41.0,Basilicata
68585,16.25,41.0,Puglia
68614,16.5,41.0,Puglia
68643,16.75,41.0,Puglia
68672,17.0,41.0,Puglia
68701,17.25,41.0,Puglia
68730,17.5,41.0,Puglia
69194,-6.75,41.25,Castilla y León
69223,-6.5,41.25,Castilla y León
69252,-6.25,41.25,Castilla y León
69281,-6.0,41.25,Castilla y León
69310,-5.75,41.25,Castilla y León
69339,-5.5,41.25,Castilla y León
69368,-5.25,41.25,Castilla y León
69397,-5.0,41.25,Castilla y León
69426,-4.75,41.25,Castilla y León
69455,-4.5,41.25,Castilla y León
69484,-4.25,41.25,Castilla y León
69513,-4.0,41.25,Castilla y León
69542,-3.75,41.25,Castilla y León
69571,-3.5,41.25,Castilla y León
69600,-3.25,41.25,Castilla-La Mancha
69629,-3.0,41.25,Castilla-La Mancha
69658,-2.75,41.25,Castilla-La Mancha
69687,-2.5,41.25,Castilla y León
69716,-2.25,41.25,Castilla y León
69745,-2.0,41.25,Aragón
69774,-1.75,41.25,Aragón
69803,-1.5,41.25,Aragón
69832,-1.25,41.25,Aragón
69861,-1.0,41.25,Aragón
69890,-0.75,41.25,Aragón
69919,-0.5,41.25,Aragón
69948,-0.25,41.25,Aragón
69977,0.0,41.25,Aragón
70006,0.25,41.25,Aragón
70035,0.5,41.25,Cataluña
70064,0.75,41.25,Cataluña
70093,1.0,41.25,Cataluña
70122,1.25,41.25,Cataluña
70151,1.5,41.25,Cataluña
70180,1.75,41.25,Cataluña
70209,2.0,41.25,Cataluña
70238,2.25,41.25,Cataluña
71021,9.0,41.25,Sardegna
71050,9.25,41.25,Sardegna
71079,9.5,41.25,Sardegna
71485,13.0,41.25,Lazio
71514,13.25,41.25,Lazio
71543,13.5,41.25,Lazio
71572,13.75,41.25,Lazio
71601,14.0,41.25,Campania
71630,14.25,41.25,Campania
71659,14.5,41.25,Campania
71688,14.75,41.25,Campania
71717,15.0,41.25,Campania
71746,15.25,41.25,Puglia
71775,15.5,41.25,Puglia
71804,15.75,41.25,Puglia
71833,16.0,41.25,Puglia
71862,16.25,41.25,Puglia
71891,16.5,41.25,Puglia
71920,16.75,41.25,Puglia
71949,17.0,41.25,Puglia
72529,-6.25,41.5,Castilla y León
72558,-6.0,41.5,Castilla y León
72587,-5.75,41.5,Castilla y León
72616,-5.5,41.5,Castilla y León
72645,-5.25,41.5,Castilla y León
72674,-5.0,41.5,Castilla y León
72703,-4.75,41.5,Castilla y León
72732,-4.5,41.5,Castilla y León
72761,-4.25,41.5,Castilla y León
72790,-4.0,41.5,Castilla y León
72819,-3.75,41.5,Castilla y León
72848,-3.5,41.5,Castilla y León
72877,-3.25,41.5,Castilla y León
72906,-3.0,41.5,Castilla y León
72935,-2.75,41.5,Castilla y León
72964,-2.5,41.5,Castilla y León
72993,-2.25,41.5,Castilla y León
73022,-2.0,41.5,Castilla y León
73051,-1.75,41.5,Aragón
73080,-1.5,41.5,Aragón
73109,-1.25,41.5,Aragón
73138,-1.0,41.5,Aragón
73167,-0.75,41.5,Aragón
73196,-0.5,41.5,Aragón
73225,-0.25,41.5,Aragón
73254,0.0,41.5,Aragón
73283,0.25,41.5,Aragón
73312,0.5,41.5,Cataluña
73341,0.75,41.5,Cataluña
73370,1.0,41.5,Cataluña
73399,1.25,41.5,Cataluña
73428,1.5,41.5,Cataluña
73457,1.75,41.5,Cataluña
73486,2.0,41.5,Cataluña
73515,2.25,41.5,Cataluña
73544,2.5,41.5,Cataluña
73573,2.75,41.5,Cataluña
74704,12.5,41.5,Lazio
74733,12.75,41.5,Lazio
74762,13.0,41.5,Lazio
74791,13.25,41.5,Lazio
74820,13.5,41.5,Lazio
74849,13.75,41.5,Lazio
74878,14.0,41.5,Molise
74907,14.25,41.5,Molise
74936,14.5,41.5,Molise
74965,14.75,41.5,Molise
74994,15.0,41.5,Puglia
75023,15.25,41.5,Puglia
75052,15.5,41.5,Puglia
75081,15.75,41.5,Puglia
75110,16.0,41.5,Puglia
75139,16.25,41.5,Puglia
75516,-8.75,41.75,Galicia
75574,-8.25,41.75,Galicia
75603,-8.0,41.75,Galicia
75632,-7.75,41.75,Galicia
75661,-7.5,41.75,Galicia
75690,-7.25,41.75,Galicia
75777,-6.5,41.75,Castilla y León
75806,-6.25,41.75,Castilla y León
75835,-6.0,41.75,Castilla y León
75864,-5.75,41.75,Castilla y León
75893,-5.5,41.75,Castilla y León
75922,-5.25,41.75,Castilla y León
75951,-5.0,41.75,Castilla y León
75980,-4.75,41.75,Castilla y León
76009,-4.5,41.75,Castilla y León
76038,-4.25,41.75,Castilla y León
76067,-4.0,41.75,Castilla y León
76096,-3.75,41.75,Castilla y León
76125,-3.5,41.75,Castilla y León
76154,-3.25,41.75,Castilla y León
76183,-3.0,41.75,Castilla y León
76212,-2.75,41.75,Castilla y León
76241,-2.5,41.75,Castilla y León
76270,-2.25,41.75,Castilla y León
76299,-2.0,41.75,Castilla y León
76328,-1.75,41.75,Aragón
76357,-1.5,41.75,Aragón
76386,-1.25,41.75,Aragón
76415,-1.0,41.75,Aragón
76444,-0.75,41.75,Aragón
76473,-0.5,41.75,Aragón
76502,-0.25,41.75,Aragón
76531,0.0,41.75,Aragón
76560,0.25,41.75,Aragón
76589,0.5,41.75,Cataluña
76618,0.75,41.75,Cataluña
76647,1.0,41.75,Cataluña
76676,1.25,41.75,Cataluña
76705,1.5,41.75,Cataluña
76734,1.75,41.75,Cataluña
76763,2.0,41.75,Cataluña
76792,2.25,41.75,Cataluña
76821,2.5,41.75,Cataluña
76850,2.75,41.75,Cataluña
76879,3.0,41.75,Cataluña
76908,3.25,41.75,Cataluña
77952,12.25,41.75,Lazio
77981,12.5,41.75,Lazio
78010,12.75,41.75,Lazio
78039,13.0,41.75,Lazio
78068,13.25,41.75,Lazio
78097,13.5,41.75,Lazio
78126,13.75,41.75,Lazio
78155,14.0,41.75,Abruzzo
78184,14.25,41.75,Molise
78213,14.5,41.75,Molise
78242,14.75,41.75,Molise
78271,15.0,41.75,Molise
78300,15.25,41.75,Puglia
78329,15.5,41.75,Puglia
78358,15.75,41.75,Puglia
78387,16.0,41.75,Puglia
78416,16.25,41.75,Puglia
78793,-8.75,42.0,Galicia
78822,-8.5,42.0,Galicia
78851,-8.25,42.0,Galicia
78880,-8.0,42.0,Galicia
78909,-7.75,42.0,Galicia
78938,-7.5,42.0,Galicia
78967,-7.25,42.0,Galicia
78996,-7.0,42.0,Galicia
79025,-6.75,42.0,Castilla y León
79054,-6.5,42.0,Castilla y León
79083,-6.25,42.0,Castilla y León
79112,-6.0,42.0,Castilla y León
79141,-5.75,42.0,Castilla y León
79170,-5.5,42.0,Castilla y León
79199,-5.25,42.0,Castilla y León
79228,-5.0,42.0,Castilla y León
79257,-4.75,42.0,Castilla y León
79286,-4.5,42.0,Castilla y León
79315,-4.25,42.0,Castilla y León
79344,-4.0,42.0,Castilla y León
79373,-3.75,42.0,Castilla y León
79402,-3.5,42.0,Castilla y León
79431,-3.25,42.0,Castilla y León
79460,-3.0,42.0,Castilla y León
79489,-2.75,42.0,Castilla y León
79518,-2.5,42.0,Castilla y León
79547,-2.25,42.0,Castilla y León
79576,-2.0,42.0,La Rioja
79605,-1.75,42.0,Comunidad Foral de Navarra
79634,-1.5,42.0,Comunidad Foral de Navarra
79663,-1.25,42.0,Aragón
79692,-1.0,42.0,Aragón
79721,-0.75,42.0,Aragón
79750,-0.5,42.0,Aragón
79779,-0.25,42.0,Aragón
79808,0.0,42.0,Aragón
79837,0.25,42.0,Aragón
79866,0.5,42.0,Aragón
79895,0.75,42.0,Cataluña
79924,1.0,42.0,Cataluña
79953,1.25,42.0,Cataluña
79982,1.5,42.0,Cataluña
80011,1.75,42.0,Cataluña
80040,2.0,42.0,Cataluña
80069,2.25,42.0,Cataluña
80098,2.5,42.0,Cataluña
80127,2.75,42.0,Cataluña
80156,3.0,42.0,Cataluña
80185,3.25,42.0,Cataluña
81171,11.75,42.0,Lazio
81200,12.0,42.0,Lazio
81229,12.25,42.0,Lazio
81258,12.5,42.0,Lazio
81287,12.75,42.0,Lazio
81316,13.0,42.0,Lazio
81345,13.25,42.0,Abruzzo
81374,13.5,42.0,Abruzzo
81403,13.75,42.0,Abruzzo
81432,14.0,42.0,Abruzzo
81461,14.25,42.0,Abruzzo
81490,14.5,42.0,Abruzzo
81519,14.75,42.0,Molise
81548,15.0,42.0,Molise
81577,15.25,42.0,Puglia
81606,15.5,42.0,Puglia
81635,15.75,42.0,Puglia
81664,16.0,42.0,Puglia
81693,16.25,42.0,Puglia
82070,-8.75,42.25,Galicia
82099,-8.5,42.25,Galicia
82128,-8.25,42.25,Galicia
82157,-8.0,42.25,Galicia
82186,-7.75,42.25,Galicia
82215,-7.5,42.25,Galicia
82244,-7.25,42.25,Galicia
82273,-7.0,42.25,Galicia
82302,-6.75,42.25,Castilla y León
82331,-6.5,42.25,Castilla y León
82360,-6.25,42.25,Castilla y León
82389,-6.0,42.25,Castilla y León
82418,-5.75,42.25,Castilla y León
82447,-5.5,42.25,Castilla y León
82476,-5.25,42.25,Castilla y León
82505,-5.0,42.25,Castilla y León
82534,-4.75,42.25,Castilla y León
82563,-4.5,42.25,Castilla y León
82592,-4.25,42.25,Castilla y León
82621,-4.0,42.25,Castilla y León
82650,-3.75,42.25,Castilla y León
82679,-3.5,42.25,Castilla y León
82708,-3.25,42.25,Castilla y León
82737,-3.0,42.25,La Rioja
82766,-2.75,42.25,La Rioja
82795,-2.5,42.25,La Rioja
82824,-2.25,42.25,La Rioja
82853,-2.0,42.25,La Rioja
82882,-1.75,42.25,Comunidad Foral de Navarra
82911,-1.5,42.25,Comunidad Foral de Navarra
82940,-1.25,42.25,Aragón
82969,-1.0,42.25,Aragón
82998,-0.75,42.25,Aragón
83027,-0.5,42.25,Aragón
83056,-0.25,42.25,Aragón
83085,0.0,42.25,Aragón
83114,0.25,42.25,Aragón
83143,0.5,42.25,Aragón
83172,0.75,42.25,Cataluña
83201,1.0,42.25,Cataluña
83230,1.25,42.25,Cataluña
83259,1.5,42.25,Cataluña
83288,1.75,42.25,Cataluña
83317,2.0,42.25,Cataluña
83346,2.25,42.25,Cataluña
83375,2.5,42.25,Cataluña
83404,2.75,42.25,Cataluña
83433,3.0,42.25,Cataluña
83462,3.25,42.25,Cataluña
84274,10.25,42.25,Toscana
84332,10.75,42.25,Toscana
84361,11.0,42.25,Toscana
84419,11.5,42.25,Lazio
84448,11.75,42.25,Lazio
84477,12.0,42.25,Lazio
84506,12.25,42.25,Lazio
84535,12.5,42.25,Lazio
84564,12.75,42.25,Lazio
84593,13.0,42.25,Lazio
84622,13.25,42.25,Abruzzo
84651,13.5,42.25,Abruzzo
84680,13.75,42.25,Abruzzo
84709,14.0,42.25,Abruzzo
84738,14.25,42.25,Abruzzo
84767,14.5,42.25,Abruzzo
84796,14.75,42.25,Abruzzo
84883,15.5,42.25,Puglia
85318,-9.0,42.5,Galicia
85347,-8.75,42.5,Galicia
85376,-8.5,42.5,Galicia
85405,-8.25,42.5,Galicia
85434,-8.0,42.5,Galicia
85463,-7.75,42.5,Galicia
85492,-7.5,42.5,Galicia
85521,-7.25,42.5,Galicia
85550,-7.0,42.5,Galicia
85579,-6.75,42.5,Castilla y León
85608,-6.5,42.5,Castilla y León
85637,-6.25,42.5,Castilla y León
85666,-6.0,42.5,Castilla y León
85695,-5.75,42.5,Castilla y León
85724,-5.5,42.5,Castilla y León
85753,-5.25,42.5,Castilla y León
85782,-5.0,42.5,Castilla y León
85811,-4.75,42.5,Castilla y León
85840,-4.5,42.5,Castilla y León
85869,-4.25,42.5,Castilla y León
85898,-4.0,42.5,Castilla y León
85927,-3.75,42.5,Castilla y León
85956,-3.5,42.5,Castilla y León
85985,-3.25,42.5,Castilla y León
86014,-3.0,42.5,La Rioja
86043,-2.75,42.5,La Rioja
86072,-2.5,42.5,La Rioja
86101,-2.25,42.5,Comunidad Foral de Navarra
86130,-2.0,42.5,Comunidad Foral de Navarra
86159,-1.75,42.5,Comunidad Foral de Navarra
86188,-1.5,42.5,Comunidad Foral de Navarra
86217,-1.25,42.5,Aragón
86246,-1.0,42.5,Aragón
86275,-0.75,42.5,Aragón
86304,-0.5,42.5,Aragón
86333,-0.25,42.5,Aragón
86362,0.0,42.5,Aragón
86391,0.25,42.5,Aragón
86420,0.5,42.5,Aragón
86449,0.75,42.5,Cataluña
86478,1.0,42.5,Cataluña
86507,1.25,42.5,Cataluña
86536,1.5,42.5,Cataluña
86565,1.75,42.5,Cataluña
86594,2.0,42.5,Cataluña
86623,2.25,42.5,Cataluña
86652,2.5,42.5,Cataluña
86681,2.75,42.5,Cataluña
86710,3.0,42.5,Cataluña
86739,3.25,42.5,Cataluña
87522,10.0,42.5,Toscana
87638,11.0,42.5,Toscana
87667,11.25,42.5,Toscana
87696,11.5,42.5,Toscana
87725,11.75,42.5,Lazio
87754,12.0,42.5,Lazio
87783,12.25,42.5,Lazio
87812,12.5,42.5,Umbria
87841,12.75,42.5,Umbria
87870,13.0,42.5,Lazio
87899,13.25,42.5,Abruzzo
87928,13.5,42.5,Abruzzo
87957,13.75,42.5,Abruzzo
87986,14.0,42.5,Abruzzo
88015,14.25,42.5,Abruzzo
88044,14.5,42.5,Abruzzo
88566,-9.25,42.75,Galicia
88595,-9.0,42.75,Galicia
88624,-8.75,42.75,Galicia
88653,-8.5,42.75,Galicia
88682,-8.25,42.75,Galicia
88711,-8.0,42.75,Galicia
88740,-7.75,42.75,Galicia
88769,-7.5,42.75,Galicia
88798,-7.25,42.75,Galicia
88827,-7.0,42.75,Galicia
88856,-6.75,42.75,Castilla y León
88885,-6.5,42.75,Castilla y León
88914,-6.25,42.75,Castilla y León
88943,-6.0,42.75,Castilla y León
88972,-5.75,42.75,Castilla y León
89001,-5.5,42.75,Castilla y León
89030,-5.25,42.75,Castilla y León
89059,-5.0,42.75,Castilla y León
89088,-4.75,42.75,Castilla y León
89117,-4.5,42.75,Castilla y León
89146,-4.25,42.75,Castilla y León
89175,-4.0,42.75,Castilla y León
89204,-3.75,42.75,Castilla y León
89233,-3.5,42.75,Castilla y León
89262,-3.25,42.75,Castilla y León
89291,-3.0,42.75,País Vasco
89320,-2.75,42.75,País Vasco
89349,-2.5,42.75,País Vasco
89378,-2.25,42.75,Comunidad Foral de Navarra
89407,-2.0,42.75,Comunidad Foral de Navarra
89436,-1.75,42.75,Comunidad Foral de Navarra
89465,-1.5,42.75,Comunidad Foral de Navarra
89494,-1.25,42.75,Comunidad Foral de Navarra
89523,-1.0,42.75,Comunidad Foral de Navarra
89552,-0.75,42.75,Aragón
89581,-0.5,42.75,Aragón
89610,-0.25,42.75,Aragón
89639,0.0,42.75,Aragón
89668,0.25,42.75,Aragón
89697,0.5,42.75,Aragón
89726,0.75,42.75,Cataluña
89755,1.0,42.75,Cataluña
89784,1.25,42.75,Cataluña
89813,1.5,42.75,Cataluña
90799,10.0,42.75,Toscana
90828,10.25,42.75,Toscana
90857,10.5,42.75,Toscana
90886,10.75,42.75,Toscana
90915,11.0,42.75,Toscana
90944,11.25,42.75,Toscana
90973,11.5,42.75,Toscana
91002,11.75,42.75,Toscana
91031,12.0,42.75,Umbria
91060,12.25,42.75,Umbria
91089,12.5,42.75,Umbria
91118,12.75,42.75,Umbria
91147,13.0,42.75,Umbria
91176,13.25,42.75,Marche
91205,13.5,42.75,Abruzzo
91234,13.75,42.75,Abruzzo
91263,14.0,42.75,Abruzzo
91843,-9.25,43.0,Galicia
91872,-9.0,43.0,Galicia
91901,-8.75,43.0,Galicia
91930,-8.5,43.0,Galicia
91959,-8.25,43.0,Galicia
91988,-8.0,43.0,Galicia
92017,-7.75,43.0,Galicia
92046,-7.5,43.0,Galicia
92075,-7.25,43.0,Galicia
92104,-7.0,43.0,Galicia
92133,-6.75,43.0,Principado de Asturias
92162,-6.5,43.0,Principado de Asturias
92191,-6.25,43.0,Castilla y León
92220,-6.0,43.0,Castilla y León
92249,-5.75,43.0,Castilla y León
92278,-5.5,43.0,Castilla y León
92307,-5.25,43.0,Castilla y León
92336,-5.0,43.0,Castilla y León
92365,-4.75,43.0,Castilla y León
92394,-4.5,43.0,Castilla y León
92423,-4.25,43.0,Cantabria
92452,-4.0,43.0,Cantabria
92481,-3.75,43.0,Castilla y León
92510,-3.5,43.0,Castilla y León
92539,-3.25,43.0,Castilla y León
92568,-3.0,43.0,País Vasco
92597,-2.75,43.0,País Vasco
92626,-2.5,43.0,País Vasco
92655,-2.25,43.0,País Vasco
92684,-2.0,43.0,Comunidad Foral de Navarra
92713,-1.75,43.0,Comunidad Foral de Navarra
92742,-1.5,43.0,Comunidad Foral de Navarra
92771,-1.25,43.0,Comunidad Foral de Navarra
92800,-1.0,43.0,Comunidad Foral de Navarra
92829,-0.75,43.0,Comunidad Foral de Navarra
94047,9.75,43.0,Toscana
94134,10.5,43.0,Toscana
94163,10.75,43.0,Toscana
94192,11.0,43.0,Toscana
94221,11.25,43.0,Toscana
94250,11.5,43.0,Toscana
94279,11.75,43.0,Toscana
94308,12.0,43.0,Umbria
94337,12.25,43.0,Umbria
94366,12.5,43.0,Umbria
94395,12.75,43.0,Umbria
94424,13.0,43.0,Marche
94453,13.25,43.0,Marche
94482,13.5,43.0,Marche
94511,13.75,43.0,Marche
94540,14.0,43.0,Marche
95120,-9.25,43.25,Galicia
95149,-9.0,43.25,Galicia
95178,-8.75,43.25,Galicia
95207,-8.5,43.25,Galicia
95236,-8.25,43.25,Galicia
95265,-8.0,43.25,Galicia
95294,-7.75,43.25,Galicia
95323,-7.5,43.25,Galicia
95352,-7.25,43.25,Galicia
95381,-7.0,43.25,Principado de Asturias
95410,-6.75,43.25,Principado de Asturias
95439,-6.5,43.25,Principado de Asturias
95468,-6.25,43.25,Principado de Asturias
95497,-6.0,43.25,Principado de Asturias
95526,-5.75,43.25,Principado de Asturias
95555,-5.5,43.25,Principado de Asturias
95584,-5.25,43.25,Principado de Asturias
95613,-5.0,43.25,Principado de Asturias
95642,-4.75,43.25,Principado de Asturias
95671,-4.5,43.25,Cantabria
95700,-4.25,43.25,Cantabria
95729,-4.0,43.25,Cantabria
95758,-3.75,43.25,Cantabria
95787,-3.5,43.25,Cantabria
95816,-3.25,43.25,País Vasco
95845,-3.0,43.25,País Vasco
95874,-2.75,43.25,País Vasco
95903,-2.5,43.25,País Vasco
95932,-2.25,43.25,País Vasco
95961,-2.0,43.25,País Vasco
95990,-1.75,43.25,Comunidad Foral de Navarra
96019,-1.5,43.25,Comunidad Foral de Navarra
97411,10.5,43.25,Toscana
97440,10.75,43.25,Toscana
97469,11.0,43.25,Toscana
97498,11.25,43.25,Toscana
97527,11.5,43.25,Toscana
97556,11.75,43.25,Toscana
97585,12.0,43.25,Toscana
97614,12.25,43.25,Umbria
97643,12.5,43.25,Umbria
97672,12.75,43.25,Umbria
97701,13.0,43.25,Marche
97730,13.25,43.25,Marche
97759,13.5,43.25,Marche
97788,13.75,43.25,Marche
98513,-8.25,43.5,Galicia
98542,-8.0,43.5,Galicia
98571,-7.75,43.5,Galicia
98600,-7.5,43.5,Galicia
98629,-7.25,43.5,Galicia
98658,-7.0,43.5,Principado de Asturias
98687,-6.75,43.5,Principado de Asturias
98716,-6.5,43.5,Principado de Asturias
98745,-6.25,43.5,Principado de Asturias
98774,-6.0,43.5,Principado de Asturias
98803,-5.75,43.5,Principado de Asturias
98832,-5.5,43.5,Principado de Asturias
98861,-5.25,43.5,Principado de Asturias
98890,-5.0,43.5,Principado de Asturias
98919,-4.75,43.5,Principado de Asturias
98948,-4.5,43.5,Cantabria
98977,-4.25,43.5,Cantabria
99006,-4.0,43.5,Cantabria
99035,-3.75,43.5,Cantabria
99064,-3.5,43.5,Cantabria
99093,-3.25,43.5,Cantabria
99122,-3.0,43.5,País Vasco
99151,-2.75,43.5,País Vasco
99180,-2.5,43.5,País Vasco
99267,-1.75,43.5,País Vasco
100601,9.75,43.5,Toscana
100630,10.0,43.5,Toscana
100659,10.25,43.5,Toscana
100688,10.5,43.5,Toscana
100717,10.75,43.5,Toscana
100746,11.0,43.5,Toscana
100775,11.25,43.5,Toscana
100804,11.5,43.5,Toscana
100833,11.75,43.5,Toscana
100862,12.0,43.5,Toscana
100891,12.25,43.5,Umbria
100920,12.5,43.5,Marche
100949,12.75,43.5,Marche
100978,13.0,43.5,Marche
101007,13.25,43.5,Marche
101036,13.5,43.5,Marche
101065,13.75,43.5,Marche
101790,-8.25,43.75,Galicia
101819,-8.0,43.75,Galicia
101848,-7.75,43.75,Galicia
101877,-7.5,43.75,Galicia
101906,-7.25,43.75,Galicia
102051,-6.0,43.75,Principado de Asturias
102080,-5.75,43.75,Principado de Asturias
103617,7.5,43.75,Liguria
103646,7.75,43.75,Liguria
103675,8.0,43.75,Liguria
103936,10.25,43.75,Toscana
103965,10.5,43.75,Toscana
103994,10.75,43.75,Toscana
104023,11.0,43.75,Toscana
104052,11.25,43.75,Toscana
104081,11.5,43.75,Toscana
104110,11.75,43.75,Toscana
104139,12.0,43.75,Toscana
104168,12.25,43.75,Toscana
104197,12.5,43.75,Marche
104226,12.75,43.75,Marche
104255,13.0,43.75,Marche
104284,13.25,43.75,Marche
104313,13.5,43.75,Marche
106865,7.25,44.0,Piemonte
106894,7.5,44.0,Liguria
106923,7.75,44.0,Liguria
106952,8.0,44.0,Liguria
106981,8.25,44.0,Liguria
107155,9.75,44.0,Liguria
107184,10.0,44.0,Liguria
107213,10.25,44.0,Toscana
107242,10.5,44.0,Toscana
107271,10.75,44.0,Toscana
107300,11.0,44.0,Toscana
107329,11.25,44.0,Toscana
107358,11.5,44.0,Toscana
107387,11.75,44.0,Emilia-Romagna
107416,12.0,44.0,Emilia-Romagna
107445,12.25,44.0,Emilia-Romagna
107474,12.5,44.0,Emilia-Romagna
107503,12.75,44.0,Emilia-Romagna
107532,13.0,44.0,Marche
110113,7.0,44.25,Piemonte
110142,7.25,44.25,Piemonte
110171,7.5,44.25,Piemonte
110200,7.75,44.25,Piemonte
110229,8.0,44.25,Piemonte
110258,8.25,44.25,Liguria
110287,8.5,44.25,Liguria
110345,9.0,44.25,Liguria
110374,9.25,44.25,Liguria
110403,9.5,44.25,Liguria
110432,9.75,44.25,Liguria
110461,10.0,44.25,Toscana
110490,10.25,44.25,Toscana
110519,10.5,44.25,Emilia-Romagna
110548,10.75,44.25,Emilia-Romagna
110577,11.0,44.25,Emilia-Romagna
110606,11.25,44.25,Emilia-Romagna
110635,11.5,44.25,Emilia-Romagna
110664,11.75,44.25,Emilia-Romagna
110693,12.0,44.25,Emilia-Romagna
110722,12.25,44.25,Emilia-Romagna
110751,12.5,44.25,Emilia-Romagna
113361,6.75,44.5,Piemonte
113390,7.0,44.5,Piemonte
113419,7.25,44.5,Piemonte
113448,7.5,44.5,Piemonte
113477,7.75,44.5,Piemonte
113506,8.0,44.5,Piemonte
113535,8.25,44.5,Piemonte
113564,8.5,44.5,Liguria
113593,8.75,44.5,Liguria
113622,9.0,44.5,Liguria
113651,9.25,44.5,Liguria
113680,9.5,44.5,Emilia-Romagna
113709,9.75,44.5,Emilia-Romagna
113738,10.0,44.5,Emilia-Romagna
113767,10.25,44.5,Emilia-Romagna
113796,10.5,44.5,Emilia-Romagna
113825,10.75,44.5,Emilia-Romagna
113854,11.0,44.5,Emilia-Romagna
113883,11.25,44.5,Emilia-Romagna
113912,11.5,44.5,Emilia-Romagna
113941,11.75,44.5,Emilia-Romagna
113970,12.0,44.5,Emilia-Romagna
113999,12.25,44.5,Emilia-Romagna
116638,6.75,44.75,Piemonte
116667,7.0,44.75,Piemonte
116696,7.25,44.75,Piemonte
116725,7.5,44.75,Piemonte
116754,7.75,44.75,Piemonte
116783,8.0,44.75,Piemonte
116812,8.25,44.75,Piemonte
116841,8.5,44.75,Piemonte
116870,8.75,44.75,Piemonte
116899,9.0,44.75,Piemonte
116928,9.25,44.75,Lombardia
116957,9.5,44.75,Emilia-Romagna
116986,9.75,44.75,Emilia-Romagna
117015,10.0,44.75,Emilia-Romagna
117044,10.25,44.75,Emilia-Romagna
117073,10.5,44.75,Emilia-Romagna
117102,10.75,44.75,Emilia-Romagna
117131,11.0,44.75,Emilia-Romagna
117160,11.25,44.75,Emilia-Romagna
117189,11.5,44.75,Emilia-Romagna
117218,11.75,44.75,Emilia-Romagna
117247,12.0,44.75,Emilia-Romagna
117276,12.25,44.75,Emilia-Romagna
117305,12.5,44.75,Veneto
119915,6.75,45.0,Piemonte
119944,7.0,45.0,Piemonte
119973,7.25,45.0,Piemonte
120002,7.5,45.0,Piemonte
120031,7.75,45.0,Piemonte
120060,8.0,45.0,Piemonte
120089,8.25,45.0,Piemonte
120118,8.5,45.0,Piemonte
120147,8.75,45.0,Piemonte
120176,9.0,45.0,Lombardia
120205,9.25,45.0,Lombardia
120234,9.5,45.0,Emilia-Romagna
120263,9.75,45.0,Emilia-Romagna
120292,10.0,45.0,Emilia-Romagna
120321,10.25,45.0,Emilia-Romagna
120350,10.5,45.0,Lombardia
120379,10.75,45.0,Lombardia
120408,11.0,45.0,Lombardia
120437,11.25,45.0,Lombardia
120466,11.5,45.0,Veneto
120495,11.75,45.0,Veneto
120524,12.0,45.0,Veneto
120553,12.25,45.0,Veneto
120582,12.5,45.0,Veneto
123192,6.75,45.25,Piemonte
123221,7.0,45.25,Piemonte
123250,7.25,45.25,Piemonte
123279,7.5,45.25,Piemonte
123308,7.75,45.25,Piemonte
123337,8.0,45.25,Piemonte
123366,8.25,45.25,Piemonte
123395,8.5,45.25,Piemonte
123424,8.75,45.25,Lombardia
123453,9.0,45.25,Lombardia
123482,9.25,45.25,Lombardia
123511,9.5,45.25,Lombardia
123540,9.75,45.25,Lombardia
123569,10.0,45.25,Lombardia
123598,10.25,45.25,Lombardia
123627,10.5,45.25,Lombardia
123656,10.75,45.25,Lombardia
123685,11.0,45.25,Veneto
123714,11.25,45.25,Veneto
123743,11.5,45.25,Veneto
123772,11.75,45.25,Veneto
123801,12.0,45.25,Veneto
123830,12.25,45.25,Veneto
126498,7.0,45.5,Valle d’Aosta/Vallée d’Aoste
126527,7.25,45.5,Valle d’Aosta/Vallée d’Aoste
126556,7.5,45.5,Piemonte
126585,7.75,45.5,Piemonte
126614,8.0,45.5,Piemonte
126643,8.25,45.5,Piemonte
126672,8.5,45.5,Piemonte
126701,8.75,45.5,Piemonte
126730,9.0,45.5,Lombardia
126759,9.25,45.5,Lombardia
126788,9.5,45.5,Lombardia
126817,9.75,45.5,Lombardia
126846,10.0,45.5,Lombardia
126875,10.25,45.5,Lombardia
126904,10.5,45.5,Lombardia
126933,10.75,45.5,Veneto
126962,11.0,45.5,Veneto
126991,11.25,45.5,Veneto
127020,11.5,45.5,Veneto
127049,11.75,45.5,Veneto
127078,12.0,45.5,Veneto
127107,12.25,45.5,Veneto
127136,12.5,45.5,Veneto
127165,12.75,45.5,Veneto
127194,13.0,45.5,Veneto
127281,13.75,45.5,Friuli-Venezia Giulia
127310,14.0,45.5,Friuli-Venezia Giulia
129746,6.75,45.75,Valle d’Aosta/Vallée d’Aoste
129775,7.0,45.75,Valle d’Aosta/Vallée d’Aoste
129804,7.25,45.75,Valle d’Aosta/Vallée d’Aoste
129833,7.5,45.75,Valle d’Aosta/Vallée d’Aoste
129862,7.75,45.75,Valle d’Aosta/Vallée d’Aoste
129891,8.0,45.75,Piemonte
129920,8.25,45.75,Piemonte
129949,8.5,45.75,Piemonte
129978,8.75,45.75,Lombardia
130007,9.0,45.75,Lombardia
130036,9.25,45.75,Lombardia
130065,9.5,45.75,Lombardia
130094,9.75,45.75,Lombardia
130123,10.0,45.75,Lombardia
130152,10.25,45.75,Lombardia
130181,10.5,45.75,Lombardia
130210,10.75,45.75,Veneto
130239,11.0,45.75,Provincia Autonoma di Trento
130268,11.25,45.75,Veneto
130297,11.5,45.75,Veneto
130326,11.75,45.75,Veneto
130355,12.0,45.75,Veneto
130384,12.25,45.75,Veneto
130413,12.5,45.75,Veneto
130442,12.75,45.75,Veneto
130471,13.0,45.75,Veneto
130500,13.25,45.75,Friuli-Venezia Giulia
130529,13.5,45.75,Friuli-Venezia Giulia
130558,13.75,45.75,Friuli-Venezia Giulia
130587,14.0,45.75,Friuli-Venezia Giulia
133052,7.0,46.0,Valle d’Aosta/Vallée d’Aoste
133081,7.25,46.0,Valle d’Aosta/Vallée d’Aoste
133110,7.5,46.0,Valle d’Aosta/Vallée d’Aoste
133139,7.75,46.0,Valle d’Aosta/Vallée d’Aoste
133168,8.0,46.0,Piemonte
133197,8.25,46.0,Piemonte
133226,8.5,46.0,Piemonte
133255,8.75,46.0,Lombardia
133284,9.0,46.0,Lombardia
133313,9.25,46.0,Lombardia
133342,9.5,46.0,Lombardia
133371,9.75,46.0,Lombardia
133400,10.0,46.0,Lombardia
133429,10.25,46.0,Lombardia
133458,10.5,46.0,Provincia Autonoma di Trento
133487,10.75,46.0,Provincia Autonoma di Trento
133516,11.0,46.0,Provincia Autonoma di Trento
133545,11.25,46.0,Provincia Autonoma di Trento
133574,11.5,46.0,Provincia Autonoma di Trento
133603,11.75,46.0,Veneto
133632,12.0,46.0,Veneto
133661,12.25,46.0,Veneto
133690,12.5,46.0,Friuli-Venezia Giulia
133719,12.75,46.0,Friuli-Venezia Giulia
133748,13.0,46.0,Friuli-Venezia Giulia
133777,13.25,46.0,Friuli-Venezia Giulia
133806,13.5,46.0,Friuli-Venezia Giulia
133835,13.75,46.0,Friuli-Venezia Giulia
136445,8.0,46.25,Piemonte
136474,8.25,46.25,Piemonte
136503,8.5,46.25,Piemonte
136561,9.0,46.25,Lombardia
136590,9.25,46.25,Lombardia
136619,9.5,46.25,Lombardia
136648,9.75,46.25,Lombardia
136677,10.0,46.25,Lombardia
136706,10.25,46.25,Lombardia
136735,10.5,46.25,Lombardia
136764,10.75,46.25,Provincia Autonoma di Trento
136793,11.0,46.25,Provincia Autonoma di Trento
136822,11.25,46.25,Provincia Autonoma di Trento
136851,11.5,46.25,Provincia Autonoma di Trento
136880,11.75,46.25,Provincia Autonoma di Trento
136909,12.0,46.25,Veneto
136938,12.25,46.25,Veneto
136967,12.5,46.25,Friuli-Venezia Giulia
136996,12.75,46.25,Friuli-Venezia Giulia
137025,13.0,46.25,Friuli-Venezia Giulia
137054,13.25,46.25,Friuli-Venezia Giulia
137083,13.5,46.25,Friuli-Venezia Giulia
137112,13.75,46.25,Friuli-Venezia Giulia
139751,8.25,46.5,Piemonte
139780,8.5,46.5,Piemonte
139867,9.25,46.5,Lombardia
139896,9.5,46.5,Lombardia
139954,10.0,46.5,Lombardia
139983,10.25,46.5,Lombardia
140012,10.5,46.5,Lombardia
140041,10.75,46.5,Provincia Autonoma di Bolzano/Bozen
140070,11.0,46.5,Provincia Autonoma di Bolzano/Bozen
140099,11.25,46.5,Provincia Autonoma di Bolzano/Bozen
140128,11.5,46.5,Provincia Autonoma di Bolzano/Bozen
140157,11.75,46.5,Provincia Autonoma di Bolzano/Bozen
140186,12.0,46.5,Veneto
140215,12.25,46.5,Veneto
140244,12.5,46.5,Veneto
140273,12.75,46.5,Friuli-Venezia Giulia
140302,13.0,46.5,Friuli-Venezia Giulia
140331,13.25,46.5,Friuli-Venezia Giulia
140360,13.5,46.5,Friuli-Venezia Giulia
140389,13.75,46.5,Friuli-Venezia Giulia
143260,10.25,46.75,Lombardia
143289,10.5,46.75,Provincia Autonoma di Bolzano/Bozen
143318,10.75,46.75,Provincia Autonoma di Bolzano/Bozen
143347,11.0,46.75,Provincia Autonoma di Bolzano/Bozen
143376,11.25,46.75,Provincia Autonoma di Bolzano/Bozen
143405,11.5,46.75,Provincia Autonoma di Bolzano/Bozen
143434,11.75,46.75,Provincia Autonoma di Bolzano/Bozen
143463,12.0,46.75,Provincia Autonoma di Bolzano/Bozen
143492,12.25,46.75,Provincia Autonoma di Bolzano/Bozen
143521,12.5,46.75,Veneto
143550,12.75,46.75,Veneto
146624,11.0,47.0,Provincia Autonoma di Bolzano/Bozen
146653,11.25,47.0,Provincia Autonoma di Bolzano/Bozen
146682,11.5,47.0,Provincia Autonoma di Bolzano/Bozen
146711,11.75,47.0,Provincia Autonoma di Bolzano/Bozen
146740,12.0,47.0,Provincia Autonoma di Bolzano/Bozen
146769,12.25,47.0,Provincia Autonoma di Bolzano/Bozen
149785,10.0,47.25,Bayern
149814,10.25,47.25,Bayern
149843,10.5,47.25,Bayern
152772,7.5,47.5,Baden-Württemberg
152801,7.75,47.5,Baden-Württemberg
152830,8.0,47.5,Baden-Württemberg
152859,8.25,47.5,Baden-Württemberg
152888,8.5,47.5,Baden-Württemberg
152975,9.25,47.5,Baden-Württemberg
153004,9.5,47.5,Baden-Württemberg
153033,9.75,47.5,Bayern
153062,10.0,47.5,Bayern
153091,10.25,47.5,Bayern
153120,10.5,47.5,Bayern
153149,10.75,47.5,Bayern
153178,11.0,47.5,Bayern
153207,11.25,47.5,Bayern
153236,11.5,47.5,Bayern
153265,11.75,47.5,Bayern
153294,12.0,47.5,Bayern
153323,12.25,47.5,Bayern
153381,12.75,47.5,Bayern
153410,13.0,47.5,Bayern
156049,7.5,47.75,Baden-Württemberg
156078,7.75,47.75,Baden-Württemberg
156107,8.0,47.75,Baden-Württemberg
156136,8.25,47.75,Baden-Württemberg
156165,8.5,47.75,Baden-Württemberg
156194,8.75,47.75,Baden-Württemberg
156223,9.0,47.75,Baden-Württemberg
156252,9.25,47.75,Baden-Württemberg
156281,9.5,47.75,Baden-Württemberg
156310,9.75,47.75,Baden-Württemberg
156339,10.0,47.75,Baden-Württemberg
156368,10.25,47.75,Bayern
156397,10.5,47.75,Bayern
156426,10.75,47.75,Bayern
156455,11.0,47.75,Bayern
156484,11.25,47.75,Bayern
156513,11.5,47.75,Bayern
156542,11.75,47.75,Bayern
156571,12.0,47.75,Bayern
156600,12.25,47.75,Bayern
156629,12.5,47.75,Bayern
156658,12.75,47.75,Bayern
156687,13.0,47.75,Bayern
159326,7.5,48.0,Baden-Württemberg
159355,7.75,48.0,Baden-Württemberg
159384,8.0,48.0,Baden-Württemberg
159413,8.25,48.0,Baden-Württemberg
159442,8.5,48.0,Baden-Württemberg
159471,8.75,48.0,Baden-Württemberg
159500,9.0,48.0,Baden-Württemberg
159529,9.25,48.0,Baden-Württemberg
159558,9.5,48.0,Baden-Württemberg
159587,9.75,48.0,Baden-Württemberg
159616,10.0,48.0,Baden-Württemberg
159645,10.25,48.0,Bayern
159674,10.5,48.0,Bayern
159703,10.75,48.0,Bayern
159732,11.0,48.0,Bayern
159761,11.25,48.0,Bayern
159790,11.5,48.0,Bayern
159819,11.75,48.0,Bayern
159848,12.0,48.0,Bayern
159877,12.25,48.0,Bayern
159906,12.5,48.0,Bayern
159935,12.75,48.0,Bayern
159964,13.0,48.0,Bayern
162603,7.5,48.25,Baden-Württemberg
162632,7.75,48.25,Baden-Württemberg
162661,8.0,48.25,Baden-Württemberg
162690,8.25,48.25,Baden-Württemberg
162719,8.5,48.25,Baden-Württemberg
162748,8.75,48.25,Baden-Württemberg
162777,9.0,48.25,Baden-Württemberg
162806,9.25,48.25,Baden-Württemberg
162835,9.5,48.25,Baden-Württemberg
162864,9.75,48.25,Baden-Württemberg
162893,10.0,48.25,Baden-Württemberg
162922,10.25,48.25,Bayern
162951,10.5,48.25,Bayern
162980,10.75,48.25,Bayern
163009,11.0,48.25,Bayern
163038,11.25,48.25,Bayern
163067,11.5,48.25,Bayern
163096,11.75,48.25,Bayern
163125,12.0,48.25,Bayern
163154,12.25,48.25,Bayern
163183,12.5,48.25,Bayern
163212,12.75,48.25,Bayern
163241,13.0,48.25,Bayern
163270,13.25,48.25,Bayern
163299,13.5,48.25,Bayern
165909,7.75,48.5,Baden-Württemberg
165938,8.0,48.5,Baden-Württemberg
165967,8.25,48.5,Baden-Württemberg
165996,8.5,48.5,Baden-Württemberg
166025,8.75,48.5,Baden-Württemberg
166054,9.0,48.5,Baden-Württemberg
166083,9.25,48.5,Baden-Württemberg
166112,9.5,48.5,Baden-Württemberg
166141,9.75,48.5,Baden-Württemberg
166170,10.0,48.5,Baden-Württemberg
166199,10.25,48.5,Bayern
166228,10.5,48.5,Bayern
166257,10.75,48.5,Bayern
166286,11.0,48.5,Bayern
166315,11.25,48.5,Bayern
166344,11.5,48.5,Bayern
166373,11.75,48.5,Bayern
166402,12.0,48.5,Bayern
166431,12.25,48.5,Bayern
166460,12.5,48.5,Bayern
166489,12.75,48.5,Bayern
166518,13.0,48.5,Bayern
166547,13.25,48.5,Bayern
166576,13.5,48.5,Bayern
166605,13.75,48.5,Bayern
169186,7.75,48.75,Baden-Württemberg
169215,8.0,48.75,Baden-Württemberg
169244,8.25,48.75,Baden-Württemberg
169273,8.5,48.75,Baden-Württemberg
169302,8.75,48.75,Baden-Württemberg
169331,9.0,48.75,Baden-Württemberg
169360,9.25,48.75,Baden-Württemberg
169389,9.5,48.75,Baden-Württemberg
169418,9.75,48.75,Baden-Württemberg
169447,10.0,48.75,Baden-Württemberg
169476,10.25,48.75,Baden-Württemberg
169505,10.5,48.75,Bayern
169534,10.75,48.75,Bayern
169563,11.0,48.75,Bayern
169592,11.25,48.75,Bayern
169621,11.5,48.75,Bayern
169650,11.75,48.75,Bayern
169679,12.0,48.75,Bayern
169708,12.25,48.75,Bayern
169737,12.5,48.75,Bayern
169766,12.75,48.75,Bayern
169795,13.0,48.75,Bayern
169824,13.25,48.75,Bayern
169853,13.5,48.75,Bayern
169882,13.75,48.75,Bayern
172405,7.25,49.0,Saarland
172434,7.5,49.0,Rheinland-Pfalz
172463,7.75,49.0,Rheinland-Pfalz
172492,8.0,49.0,Rheinland-Pfalz
172521,8.25,49.0,Rheinland-Pfalz
172550,8.5,49.0,Baden-Württemberg
172579,8.75,49.0,Baden-Württemberg
172608,9.0,49.0,Baden-Württemberg
172637,9.25,49.0,Baden-Württemberg
172666,9.5,49.0,Baden-Württemberg
172695,9.75,49.0,Baden-Württemberg
172724,10.0,49.0,Baden-Württemberg
172753,10.25,49.0,Baden-Württemberg
172782,10.5,49.0,Bayern
172811,10.75,49.0,Bayern
172840,11.0,49.0,Bayern
172869,11.25,49.0,Bayern
172898,11.5,49.0,Bayern
172927,11.75,49.0,Bayern
172956,12.0,49.0,Bayern
172985,12.25,49.0,Bayern
173014,12.5,49.0,Bayern
173043,12.75,49.0,Bayern
173072,13.0,49.0,Bayern
173101,13.25,49.0,Bayern
173130,13.5,49.0,Bayern
173159,13.75,49.0,Bayern
175595,6.5,49.25,Saarland
175624,6.75,49.25,Saarland
175653,7.0,49.25,Saarland
175682,7.25,49.25,Saarland
175711,7.5,49.25,Rheinland-Pfalz
175740,7.75,49.25,Rheinland-Pfalz
175769,8.0,49.25,Rheinland-Pfalz
175798,8.25,49.25,Rheinland-Pfalz
175827,8.5,49.25,Baden-Württemberg
175856,8.75,49.25,Baden-Württemberg
175885,9.0,49.25,Baden-Württemberg
175914,9.25,49.25,Baden-Württemberg
175943,9.5,49.25,Baden-Württemberg
175972,9.75,49.25,Baden-Württemberg
176001,10.0,49.25,Baden-Württemberg
176030,10.25,49.25,Bayern
176059,10.5,49.25,Bayern
176088,10.75,49.25,Bayern
176117,11.0,49.25,Bayern
176146,11.25,49.25,Bayern
176175,11.5,49.25,Bayern
176204,11.75,49.25,Bayern
176233,12.0,49.25,Bayern
176262,12.25,49.25,Bayern
176291,12.5,49.25,Bayern
176320,12.75,49.25,Bayern
176349,13.0,49.25,Bayern
176378,13.25,49.25,Bayern
178843,6.25,49.5,Saarland
178872,6.5,49.5,Saarland
178901,6.75,49.5,Saarland
178930,7.0,49.5,Saarland
178959,7.25,49.5,Saarland
178988,7.5,49.5,Rheinland-Pfalz
179017,7.75,49.5,Rheinland-Pfalz
179046,8.0,49.5,Rheinland-Pfalz
179075,8.25,49.5,Rheinland-Pfalz
179104,8.5,49.5,Baden-Württemberg
179133,8.75,49.5,Baden-Württemberg
179162,9.0,49.5,Hessen
179191,9.25,49.5,Baden-Württemberg
179220,9.5,49.5,Baden-Württemberg
179249,9.75,49.5,Baden-Württemberg
179278,10.0,49.5,Baden-Württemberg
179307,10.25,49.5,Bayern
179336,10.5,49.5,Bayern
179365,10.75,49.5,Bayern
179394,11.0,49.5,Bayern
179423,11.25,49.5,Bayern
179452,11.5,49.5,Bayern
179481,11.75,49.5,Bayern
179510,12.0,49.5,Bayern
179539,12.25,49.5,Bayern
179568,12.5,49.5,Bayern
179597,12.75,49.5,Bayern
182120,6.25,49.75,Rheinland-Pfalz
182149,6.5,49.75,Rheinland-Pfalz
182178,6.75,49.75,Rheinland-Pfalz
182207,7.0,49.75,Rheinland-Pfalz
182236,7.25,49.75,Rheinland-Pfalz
182265,7.5,49.75,Rheinland-Pfalz
182294,7.75,49.75,Rheinland-Pfalz
182323,8.0,49.75,Rheinland-Pfalz
182352,8.25,49.75,Rheinland-Pfalz
182381,8.5,49.75,Hessen
182410,8.75,49.75,Hessen
182439,9.0,49.75,Hessen
182468,9.25,49.75,Bayern
182497,9.5,49.75,Baden-Württemberg
182526,9.75,49.75,Bayern
182555,10.0,49.75,Bayern
182584,10.25,49.75,Bayern
182613,10.5,49.75,Bayern
182642,10.75,49.75,Bayern
182671,11.0,49.75,Bayern
182700,11.25,49.75,Bayern
182729,11.5,49.75,Bayern
182758,11.75,49.75,Bayern
182787,12.0,49.75,Bayern
182816,12.25,49.75,Bayern
182845,12.5,49.75,Bayern
185397,6.25,50.0,Rheinland-Pfalz
185426,6.5,50.0,Rheinland-Pfalz
185455,6.75,50.0,Rheinland-Pfalz
185484,7.0,50.0,Rheinland-Pfalz
185513,7.25,50.0,Rheinland-Pfalz
185542,7.5,50.0,Rheinland-Pfalz
185571,7.75,50.0,Rheinland-Pfalz
185600,8.0,50.0,Hessen
185629,8.25,50.0,Hessen
185658,8.5,50.0,Hessen
185687,8.75,50.0,Hessen
185716,9.0,50.0,Hessen
185745,9.25,50.0,Bayern
185774,9.5,50.0,Bayern
185803,9.75,50.0,Bayern
185832,10.0,50.0,Bayern
185861,10.25,50.0,Bayern
185890,10.5,50.0,Bayern
185919,10.75,50.0,Bayern
185948,11.0,50.0,Bayern
185977,11.25,50.0,Bayern
186006,11.5,50.0,Bayern
186035,11.75,50.0,Bayern
186064,12.0,50.0,Bayern
186093,12.25,50.0,Bayern
186122,12.5,50.0,Bayern
188674,6.25,50.25,Rheinland-Pfalz
188703,6.5,50.25,Rheinland-Pfalz
188732,6.75,50.25,Rheinland-Pfalz
188761,7.0,50.25,Rheinland-Pfalz
188790,7.25,50.25,Rheinland-Pfalz
188819,7.5,50.25,Rheinland-Pfalz
188848,7.75,50.25,Rheinland-Pfalz
188877,8.0,50.25,Rheinland-Pfalz
188906,8.25,50.25,Hessen
188935,8.5,50.25,Hessen
188964,8.75,50.25,Hessen
188993,9.0,50.25,Hessen
189022,9.25,50.25,Hessen
189051,9.5,50.25,Hessen
189080,9.75,50.25,Bayern
189109,10.0,50.25,Bayern
189138,10.25,50.25,Bayern
189167,10.5,50.25,Bayern
189196,10.75,50.25,Bayern
189225,11.0,50.25,Bayern
189254,11.25,50.25,Bayern
189283,11.5,50.25,Bayern
189312,11.75,50.25,Bayern
189341,12.0,50.25,Bayern
189370,12.25,50.25,Sachsen
189399,12.5,50.25,Sachsen
191951,6.25,50.5,Nordrhein-Westfalen
191980,6.5,50.5,Nordrhein-Westfalen
192009,6.75,50.5,Nordrhein-Westfalen
192038,7.0,50.5,Rheinland-Pfalz
192067,7.25,50.5,Rheinland-Pfalz
192096,7.5,50.5,Rheinland-Pfalz
192125,7.75,50.5,Rheinland-Pfalz
192154,8.0,50.5,Rheinland-Pfalz
192183,8.25,50.5,Hessen
192212,8.5,50.5,Hessen
192241,8.75,50.5,Hessen
192270,9.0,50.5,Hessen
192299,9.25,50.5,Hessen
192328,9.5,50.5,Hessen
192357,9.75,50.5,Hessen
192386,10.0,50.5,Hessen
192415,10.25,50.5,Bayern
192444,10.5,50.5,Thüringen
192473,10.75,50.5,Thüringen
192502,11.0,50.5,Thüringen
192531,11.25,50.5,Thüringen
192560,11.5,50.5,Thüringen
192589,11.75,50.5,Thüringen
192618,12.0,50.5,Sachsen
192647,12.25,50.5,Sachsen
192676,12.5,50.5,Sachsen
192705,12.75,50.5,Sachsen
192734,13.0,50.5,Sachsen
192763,13.25,50.5,Sachsen
192792,13.5,50.5,Sachsen
195199,6.0,50.75,Nordrhein-Westfalen
195228,6.25,50.75,Nordrhein-Westfalen
195257,6.5,50.75,Nordrhein-Westfalen
195286,6.75,50.75,Nordrhein-Westfalen
195315,7.0,50.75,Nordrhein-Westfalen
195344,7.25,50.75,Nordrhein-Westfalen
195373,7.5,50.75,Nordrhein-Westfalen
195402,7.75,50.75,Rheinland-Pfalz
195431,8.0,50.75,Rheinland-Pfalz
195460,8.25,50.75,Hessen
195489,8.5,50.75,Hessen
195518,8.75,50.75,Hessen
195547,9.0,50.75,Hessen
195576,9.25,50.75,Hessen
195605,9.5,50.75,Hessen
195634,9.75,50.75,Hessen
195663,10.0,50.75,Thüringen
195692,10.25,50.75,Thüringen
195721,10.5,50.75,Thüringen
195750,10.75,50.75,Thüringen
195779,11.0,50.75,Thüringen
195808,11.25,50.75,Thüringen
195837,11.5,50.75,Thüringen
195866,11.75,50.75,Thüringen
195895,12.0,50.75,Thüringen
195924,12.25,50.75,Thüringen
195953,12.5,50.75,Sachsen
195982,12.75,50.75,Sachsen
196011,13.0,50.75,Sachsen
196040,13.25,50.75,Sachsen
196069,13.5,50.75,Sachsen
196098,13.75,50.75,Sachsen
196127,14.0,50.75,Sachsen
196156,14.25,50.75,Sachsen
196185,14.5,50.75,Sachsen
196214,14.75,50.75,Sachsen
198476,6.0,51.0,Nordrhein-Westfalen
198505,6.25,51.0,Nordrhein-Westfalen
198534,6.5,51.0,Nordrhein-Westfalen
198563,6.75,51.0,Nordrhein-Westfalen
198592,7.0,51.0,Nordrhein-Westfalen
198621,7.25,51.0,Nordrhein-Westfalen
198650,7.5,51.0,Nordrhein-Westfalen
198679,7.75,51.0,Nordrhein-Westfalen
198708,8.0,51.0,Nordrhein-Westfalen
198737,8.25,51.0,Nordrhein-Westfalen
198766,8.5,51.0,Hessen
198795,8.75,51.0,Hessen
198824,9.0,51.0,Hessen
198853,9.25,51.0,Hessen
198882,9.5,51.0,Hessen
198911,9.75,51.0,Hessen
198940,10.0,51.0,Hessen
198969,10.25,51.0,Thüringen
198998,10.5,51.0,Thüringen
199027,10.75,51.0,Thüringen
199056,11.0,51.0,Thüringen
199085,11.25,51.0,Thüringen
199114,11.5,51.0,Thüringen
199143,11.75,51.0,Thüringen
199172,12.0,51.0,Sachsen-Anhalt
199201,12.25,51.0,Thüringen
199230,12.5,51.0,Thüringen
199259,12.75,51.0,Sachsen
199288,13.0,51.0,Sachsen
199317,13.25,51.0,Sachsen
199346,13.5,51.0,Sachsen
199375,13.75,51.0,Sachsen
199404,14.0,51.0,Sachsen
199433,14.25,51.0,Sachsen
199462,14.5,51.0,Sachsen
199491,14.75,51.0,Sachsen
199520,15.0,51.0,Sachsen
201753,6.0,51.25,Nordrhein-Westfalen
201782,6.25,51.25,Nordrhein-Westfalen
201811,6.5,51.25,Nordrhein-Westfalen
201840,6.75,51.25,Nordrhein-Westfalen
201869,7.0,51.25,Nordrhein-Westfalen
201898,7.25,51.25,Nordrhein-Westfalen
201927,7.5,51.25,Nordrhein-Westfalen
201956,7.75,51.25,Nordrhein-Westfalen
201985,8.0,51.25,Nordrhein-Westfalen
202014,8.25,51.25,Nordrhein-Westfalen
202043,8.5,51.25,Nordrhein-Westfalen
202072,8.75,51.25,Hessen
202101,9.0,51.25,Hessen
202130,9.25,51.25,Hessen
202159,9.5,51.25,Hessen
202188,9.75,51.25,Hessen
202217,10.0,51.25,Hessen
202246,10.25,51.25,Thüringen
202275,10.5,51.25,Thüringen
202304,10.75,51.25,Thüringen
202333,11.0,51.25,Thüringen
202362,11.25,51.25,Thüringen
202391,11.5,51.25,Sachsen-Anhalt
202420,11.75,51.25,Sachsen-Anhalt
202449,12.0,51.25,Sachsen-Anhalt
202478,12.25,51.25,Sachsen
202507,12.5,51.25,Sachsen
202536,12.75,51.25,Sachsen
202565,13.0,51.25,Sachsen
202594,13.25,51.25,Sachsen
202623,13.5,51.25,Sachsen
202652,13.75,51.25,Sachsen
202681,14.0,51.25,Sachsen
202710,14.25,51.25,Sachsen
202739,14.5,51.25,Sachsen
202768,14.75,51.25,Sachsen
202797,15.0,51.25,Sachsen
205030,6.0,51.5,Nordrhein-Westfalen
205059,6.25,51.5,Nordrhein-Westfalen
205088,6.5,51.5,Nordrhein-Westfalen
205117,6.75,51.5,Nordrhein-Westfalen
205146,7.0,51.5,Nordrhein-Westfalen
205175,7.25,51.5,Nordrhein-Westfalen
205204,7.5,51.5,Nordrhein-Westfalen
205233,7.75,51.5,Nordrhein-Westfalen
205262,8.0,51.5,Nordrhein-Westfalen
205291,8.25,51.5,Nordrhein-Westfalen
205320,8.5,51.5,Nordrhein-Westfalen
205349,8.75,51.5,Nordrhein-Westfalen
205378,9.0,51.5,Nordrhein-Westfalen
205407,9.25,51.5,Hessen
205436,9.5,51.5,Hessen
205465,9.75,51.5,Niedersachsen
205494,10.0,51.5,Niedersachsen
205523,10.25,51.5,Niedersachsen
205552,10.5,51.5,Thüringen
205581,10.75,51.5,Thüringen
205610,11.0,51.5,Sachsen-Anhalt
205639,11.25,51.5,Sachsen-Anhalt
205668,11.5,51.5,Sachsen-Anhalt
205697,11.75,51.5,Sachsen-Anhalt
205726,12.0,51.5,Sachsen-Anhalt
205755,12.25,51.5,Sachsen
205784,12.5,51.5,Sachsen
205813,12.75,51.5,Sachsen
205842,13.0,51.5,Sachsen
205871,13.25,51.5,Brandenburg
205900,13.5,51.5,Brandenburg
205929,13.75,51.5,Brandenburg
205958,14.0,51.5,Brandenburg
205987,14.25,51.5,Sachsen
206016,14.5,51.5,Sachsen
206045,14.75,51.5,Sachsen
206074,15.0,51.5,Sachsen
208307,6.0,51.75,Nordrhein-Westfalen
208336,6.25,51.75,Nordrhein-Westfalen
208365,6.5,51.75,Nordrhein-Westfalen
208394,6.75,51.75,Nordrhein-Westfalen
208423,7.0,51.75,Nordrhein-Westfalen
208452,7.25,51.75,Nordrhein-Westfalen
208481,7.5,51.75,Nordrhein-Westfalen
208510,7.75,51.75,Nordrhein-Westfalen
208539,8.0,51.75,Nordrhein-Westfalen
208568,8.25,51.75,Nordrhein-Westfalen
208597,8.5,51.75,Nordrhein-Westfalen
208626,8.75,51.75,Nordrhein-Westfalen
208655,9.0,51.75,Nordrhein-Westfalen
208684,9.25,51.75,Nordrhein-Westfalen
208713,9.5,51.75,Niedersachsen
208742,9.75,51.75,Niedersachsen
208771,10.0,51.75,Niedersachsen
208800,10.25,51.75,Niedersachsen
208829,10.5,51.75,Niedersachsen
208858,10.75,51.75,Sachsen-Anhalt
208887,11.0,51.75,Sachsen-Anhalt
208916,11.25,51.75,Sachsen-Anhalt
208945,11.5,51.75,Sachsen-Anhalt
208974,11.75,51.75,Sachsen-Anhalt
209003,12.0,51.75,Sachsen-Anhalt
209032,12.25,51.75,Sachsen-Anhalt
209061,12.5,51.75,Sachsen-Anhalt
209090,12.75,51.75,Sachsen-Anhalt
209119,13.0,51.75,Sachsen-Anhalt
209148,13.25,51.75,Brandenburg
209177,13.5,51.75,Brandenburg
209206,13.75,51.75,Brandenburg
209235,14.0,51.75,Brandenburg
209264,14.25,51.75,Brandenburg
209293,14.5,51.75,Brandenburg
209322,14.75,51.75,Brandenburg
211613,6.25,52.0,Nordrhein-Westfalen
211642,6.5,52.0,Nordrhein-Westfalen
211671,6.75,52.0,Nordrhein-Westfalen
211700,7.0,52.0,Nordrhein-Westfalen
211729,7.25,52.0,Nordrhein-Westfalen
211758,7.5,52.0,Nordrhein-Westfalen
211787,7.75,52.0,Nordrhein-Westfalen
211816,8.0,52.0,Nordrhein-Westfalen
211845,8.25,52.0,Nordrhein-Westfalen
211874,8.5,52.0,Nordrhein-Westfalen
211903,8.75,52.0,Nordrhein-Westfalen
211932,9.0,52.0,Nordrhein-Westfalen
211961,9.25,52.0,Niedersachsen
211990,9.5,52.0,Niedersachsen
212019,9.75,52.0,Niedersachsen
212048,10.0,52.0,Niedersachsen
212077,10.25,52.0,Niedersachsen
212106,10.5,52.0,Niedersachsen
212135,10.75,52.0,Sachsen-Anhalt
212164,11.0,52.0,Sachsen-Anhalt
212193,11.25,52.0,Sachsen-Anhalt
212222,11.5,52.0,Sachsen-Anhalt
212251,11.75,52.0,Sachsen-Anhalt
212280,12.0,52.0,Sachsen-Anhalt
212309,12.25,52.0,Sachsen-Anhalt
212338,12.5,52.0,Sachsen-Anhalt
212367,12.75,52.0,Brandenburg
212396,13.0,52.0,Brandenburg
212425,13.25,52.0,Brandenburg
212454,13.5,52.0,Brandenburg
212483,13.75,52.0,Brandenburg
212512,14.0,52.0,Brandenburg
212541,14.25,52.0,Brandenburg
212570,14.5,52.0,Brandenburg
212599,14.75,52.0,Brandenburg
214948,6.75,52.25,Nordrhein-Westfalen
214977,7.0,52.25,Nordrhein-Westfalen
215006,7.25,52.25,Nordrhein-Westfalen
215035,7.5,52.25,Nordrhein-Westfalen
215064,7.75,52.25,Nordrhein-Westfalen
215093,8.0,52.25,Niedersachsen
215122,8.25,52.25,Niedersachsen
215151,8.5,52.25,Nordrhein-Westfalen
215180,8.75,52.25,Nordrhein-Westfalen
215209,9.0,52.25,Nordrhein-Westfalen
215238,9.25,52.25,Niedersachsen
215267,9.5,52.25,Niedersachsen
215296,9.75,52.25,Niedersachsen
215325,10.0,52.25,Niedersachsen
215354,10.25,52.25,Niedersachsen
215383,10.5,52.25,Niedersachsen
215412,10.75,52.25,Niedersachsen
215441,11.0,52.25,Niedersachsen
215470,11.25,52.25,Sachsen-Anhalt
215499,11.5,52.25,Sachsen-Anhalt
215528,11.75,52.25,Sachsen-Anhalt
215557,12.0,52.25,Sachsen-Anhalt
215586,12.25,52.25,Sachsen-Anhalt
215615,12.5,52.25,Brandenburg
215644,12.75,52.25,Brandenburg
215673,13.0,52.25,Brandenburg
215702,13.25,52.25,Brandenburg
215731,13.5,52.25,Brandenburg
215760,13.75,52.25,Brandenburg
215789,14.0,52.25,Brandenburg
215818,14.25,52.25,Brandenburg
215847,14.5,52.25,Brandenburg
215876,14.75,52.25,Brandenburg
218225,6.75,52.5,Niedersachsen
218254,7.0,52.5,Niedersachsen
218283,7.25,52.5,Niedersachsen
218312,7.5,52.5,Niedersachsen
218341,7.75,52.5,Niedersachsen
218370,8.0,52.5,Niedersachsen
218399,8.25,52.5,Niedersachsen
218428,8.5,52.5,Niedersachsen
218457,8.75,52.5,Niedersachsen
218486,9.0,52.5,Niedersachsen
218515,9.25,52.5,Niedersachsen
218544,9.5,52.5,Niedersachsen
218573,9.75,52.5,Niedersachsen
218602,10.0,52.5,Niedersachsen
218631,10.25,52.5,Niedersachsen
218660,10.5,52.5,Niedersachsen
218689,10.75,52.5,Niedersachsen
218718,11.0,52.5,Sachsen-Anhalt
218747,11.25,52.5,Sachsen-Anhalt
218776,11.5,52.5,Sachsen-Anhalt
218805,11.75,52.5,Sachsen-Anhalt
218834,12.0,52.5,Sachsen-Anhalt
218863,12.25,52.5,Brandenburg
218892,12.5,52.5,Brandenburg
218921,12.75,52.5,Brandenburg
218950,13.0,52.5,Brandenburg
218979,13.25,52.5,Berlin
219008,13.5,52.5,Berlin
219037,13.75,52.5,Brandenburg
219066,14.0,52.5,Brandenburg
219095,14.25,52.5,Brandenburg
219124,14.5,52.5,Brandenburg
219153,14.75,52.5,Brandenburg
221502,6.75,52.75,Niedersachsen
221531,7.0,52.75,Niedersachsen
221560,7.25,52.75,Niedersachsen
221589,7.5,52.75,Niedersachsen
221618,7.75,52.75,Niedersachsen
221647,8.0,52.75,Niedersachsen
221676,8.25,52.75,Niedersachsen
221705,8.5,52.75,Niedersachsen
221734,8.75,52.75,Niedersachsen
221763,9.0,52.75,Niedersachsen
221792,9.25,52.75,Niedersachsen
221821,9.5,52.75,Niedersachsen
221850,9.75,52.75,Niedersachsen
221879,10.0,52.75,Niedersachsen
221908,10.25,52.75,Niedersachsen
221937,10.5,52.75,Niedersachsen
221966,10.75,52.75,Niedersachsen
221995,11.0,52.75,Sachsen-Anhalt
222024,11.25,52.75,Sachsen-Anhalt
222053,11.5,52.75,Sachsen-Anhalt
222082,11.75,52.75,Sachsen-Anhalt
222111,12.0,52.75,Sachsen-Anhalt
222140,12.25,52.75,Brandenburg
222169,12.5,52.75,Brandenburg
222198,12.75,52.75,Brandenburg
222227,13.0,52.75,Brandenburg
222256,13.25,52.75,Brandenburg
222285,13.5,52.75,Brandenburg
222314,13.75,52.75,Brandenburg
222343,14.0,52.75,Brandenburg
222372,14.25,52.75,Brandenburg
222401,14.5,52.75,Brandenburg
224808,7.0,53.0,Niedersachsen
224837,7.25,53.0,Niedersachsen
224866,7.5,53.0,Niedersachsen
224895,7.75,53.0,Niedersachsen
224924,8.0,53.0,Niedersachsen
224953,8.25,53.0,Niedersachsen
224982,8.5,53.0,Niedersachsen
225011,8.75,53.0,Niedersachsen
225040,9.0,53.0,Niedersachsen
225069,9.25,53.0,Niedersachsen
225098,9.5,53.0,Niedersachsen
225127,9.75,53.0,Niedersachsen
225156,10.0,53.0,Niedersachsen
225185,10.25,53.0,Niedersachsen
225214,10.5,53.0,Niedersachsen
225243,10.75,53.0,Niedersachsen
225272,11.0,53.0,Niedersachsen
225301,11.25,53.0,Niedersachsen
225330,11.5,53.0,Sachsen-Anhalt
225359,11.75,53.0,Brandenburg
225388,12.0,53.0,Brandenburg
225417,12.25,53.0,Brandenburg
225446,12.5,53.0,Brandenburg
225475,12.75,53.0,Brandenburg
225504,13.0,53.0,Brandenburg
225533,13.25,53.0,Brandenburg
225562,13.5,53.0,Brandenburg
225591,13.75,53.0,Brandenburg
225620,14.0,53.0,Brandenburg
225649,14.25,53.0,Brandenburg
228085,7.0,53.25,Niedersachsen
228114,7.25,53.25,Niedersachsen
228143,7.5,53.25,Niedersachsen
228172,7.75,53.25,Niedersachsen
228201,8.0,53.25,Niedersachsen
228230,8.25,53.25,Niedersachsen
228259,8.5,53.25,Niedersachsen
228288,8.75,53.25,Niedersachsen
228317,9.0,53.25,Niedersachsen
228346,9.25,53.25,Niedersachsen
228375,9.5,53.25,Niedersachsen
228404,9.75,53.25,Niedersachsen
228433,10.0,53.25,Niedersachsen
228462,10.25,53.25,Niedersachsen
228491,10.5,53.25,Niedersachsen
228520,10.75,53.25,Niedersachsen
228549,11.0,53.25,Niedersachsen
228578,11.25,53.25,Mecklenburg-Vorpommern
228607,11.5,53.25,Mecklenburg-Vorpommern
228636,11.75,53.25,Mecklenburg-Vorpommern
228665,12.0,53.25,Brandenburg
228694,12.25,53.25,Brandenburg
228723,12.5,53.25,Brandenburg
228752,12.75,53.25,Mecklenburg-Vorpommern
228781,13.0,53.25,Mecklenburg-Vorpommern
228810,13.25,53.25,Brandenburg
228839,13.5,53.25,Brandenburg
228868,13.75,53.25,Brandenburg
228897,14.0,53.25,Brandenburg
228926,14.25,53.25,Brandenburg
228955,14.5,53.25,Brandenburg
231333,6.75,53.5,Niedersachsen
231362,7.0,53.5,Niedersachsen
231391,7.25,53.5,Niedersachsen
231420,7.5,53.5,Niedersachsen
231449,7.75,53.5,Niedersachsen
231478,8.0,53.5,Niedersachsen
231507,8.25,53.5,Niedersachsen
231536,8.5,53.5,Niedersachsen
231565,8.75,53.5,Niedersachsen
231594,9.0,53.5,Niedersachsen
231623,9.25,53.5,Niedersachsen
231652,9.5,53.5,Niedersachsen
231681,9.75,53.5,Niedersachsen
231710,10.0,53.5,Hamburg
231739,10.25,53.5,Schleswig-Holstein
231768,10.5,53.5,Schleswig-Holstein
231797,10.75,53.5,Schleswig-Holstein
231826,11.0,53.5,Mecklenburg-Vorpommern
231855,11.25,53.5,Mecklenburg-Vorpommern
231884,11.5,53.5,Mecklenburg-Vorpommern
231913,11.75,53.5,Mecklenburg-Vorpommern
231942,12.0,53.5,Mecklenburg-Vorpommern
231971,12.25,53.5,Mecklenburg-Vorpommern
232000,12.5,53.5,Mecklenburg-Vorpommern
232029,12.75,53.5,Mecklenburg-Vorpommern
232058,13.0,53.5,Mecklenburg-Vorpommern
232087,13.25,53.5,Mecklenburg-Vorpommern
232116,13.5,53.5,Mecklenburg-Vorpommern
232145,13.75,53.5,Mecklenburg-Vorpommern
232174,14.0,53.5,Mecklenburg-Vorpommern
232203,14.25,53.5,Mecklenburg-Vorpommern
232232,14.5,53.5,Mecklenburg-Vorpommern
234610,6.75,53.75,Niedersachsen
234639,7.0,53.75,Niedersachsen
234668,7.25,53.75,Niedersachsen
234697,7.5,53.75,Niedersachsen
234726,7.75,53.75,Niedersachsen
234755,8.0,53.75,Niedersachsen
234813,8.5,53.75,Niedersachsen
234842,8.75,53.75,Niedersachsen
234871,9.0,53.75,Niedersachsen
234900,9.25,53.75,Niedersachsen
234929,9.5,53.75,Schleswig-Holstein
234958,9.75,53.75,Schleswig-Holstein
234987,10.0,53.75,Schleswig-Holstein
235016,10.25,53.75,Schleswig-Holstein
235045,10.5,53.75,Schleswig-Holstein
235074,10.75,53.75,Schleswig-Holstein
235103,11.0,53.75,Mecklenburg-Vorpommern
235132,11.25,53.75,Mecklenburg-Vorpommern
235161,11.5,53.75,Mecklenburg-Vorpommern
235190,11.75,53.75,Mecklenburg-Vorpommern
235219,12.0,53.75,Mecklenburg-Vorpommern
235248,12.25,53.75,Mecklenburg-Vorpommern
235277,12.5,53.75,Mecklenburg-Vorpommern
235306,12.75,53.75,Mecklenburg-Vorpommern
235335,13.0,53.75,Mecklenburg-Vorpommern
235364,13.25,53.75,Mecklenburg-Vorpommern
235393,13.5,53.75,Mecklenburg-Vorpommern
235422,13.75,53.75,Mecklenburg-Vorpommern
235451,14.0,53.75,Mecklenburg-Vorpommern
235480,14.25,53.75,Mecklenburg-Vorpommern
238090,8.5,54.0,Hamburg
238119,8.75,54.0,Schleswig-Holstein
238148,9.0,54.0,Schleswig-Holstein
238177,9.25,54.0,Schleswig-Holstein
238206,9.5,54.0,Schleswig-Holstein
238235,9.75,54.0,Schleswig-Holstein
238264,10.0,54.0,Schleswig-Holstein
238293,10.25,54.0,Schleswig-Holstein
238322,10.5,54.0,Schleswig-Holstein
238351,10.75,54.0,Schleswig-Holstein
238380,11.0,54.0,Mecklenburg-Vorpommern
238409,11.25,54.0,Mecklenburg-Vorpommern
238438,11.5,54.0,Mecklenburg-Vorpommern
238467,11.75,54.0,Mecklenburg-Vorpommern
238496,12.0,54.0,Mecklenburg-Vorpommern
238525,12.25,54.0,Mecklenburg-Vorpommern
238554,12.5,54.0,Mecklenburg-Vorpommern
238583,12.75,54.0,Mecklenburg-Vorpommern
238612,13.0,54.0,Mecklenburg-Vorpommern
238641,13.25,54.0,Mecklenburg-Vorpommern
238670,13.5,54.0,Mecklenburg-Vorpommern
238699,13.75,54.0,Mecklenburg-Vorpommern
238728,14.0,54.0,Mecklenburg-Vorpommern
238757,14.25,54.0,Mecklenburg-Vorpommern
241396,8.75,54.25,Schleswig-Holstein
241425,9.0,54.25,Schleswig-Holstein
241454,9.25,54.25,Schleswig-Holstein
241483,9.5,54.25,Schleswig-Holstein
241512,9.75,54.25,Schleswig-Holstein
241541,10.0,54.25,Schleswig-Holstein
241570,10.25,54.25,Schleswig-Holstein
241599,10.5,54.25,Schleswig-Holstein
241628,10.75,54.25,Schleswig-Holstein
241657,11.0,54.25,Schleswig-Holstein
241744,11.75,54.25,Mecklenburg-Vorpommern
241773,12.0,54.25,Mecklenburg-Vorpommern
241802,12.25,54.25,Mecklenburg-Vorpommern
241831,12.5,54.25,Mecklenburg-Vorpommern
241860,12.75,54.25,Mecklenburg-Vorpommern
241889,13.0,54.25,Mecklenburg-Vorpommern
241918,13.25,54.25,Mecklenburg-Vorpommern
241947,13.5,54.25,Mecklenburg-Vorpommern
241976,13.75,54.25,Mecklenburg-Vorpommern
244615,8.25,54.5,Schleswig-Holstein
244644,8.5,54.5,Schleswig-Holstein
244673,8.75,54.5,Schleswig-Holstein
244702,9.0,54.5,Schleswig-Holstein
244731,9.25,54.5,Schleswig-Holstein
244760,9.5,54.5,Schleswig-Holstein
244789,9.75,54.5,Schleswig-Holstein
244818,10.0,54.5,Schleswig-Holstein
244847,10.25,54.5,Schleswig-Holstein
244876,10.5,54.5,Schleswig-Holstein
244934,11.0,54.5,Schleswig-Holstein
244963,11.25,54.5,Schleswig-Holstein
245108,12.5,54.5,Mecklenburg-Vorpommern
245137,12.75,54.5,Mecklenburg-Vorpommern
245166,13.0,54.5,Mecklenburg-Vorpommern
245195,13.25,54.5,Mecklenburg-Vorpommern
245224,13.5,54.5,Mecklenburg-Vorpommern
245253,13.75,54.5,Mecklenburg-Vorpommern
247892,8.25,54.75,Schleswig-Holstein
247921,8.5,54.75,Schleswig-Holstein
247950,8.75,54.75,Schleswig-Holstein
247979,9.0,54.75,Schleswig-Holstein
248008,9.25,54.75,Schleswig-Holstein
248037,9.5,54.75,Schleswig-Holstein
248066,9.75,54.75,Schleswig-Holstein
248095,10.0,54.75,Schleswig-Holstein
248472,13.25,54.75,Mecklenburg-Vorpommern
248501,13.5,54.75,Mecklenburg-Vorpommern
251169,8.25,55.0,Schleswig-Holstein
251198,8.5,55.0,Schleswig-Holstein
251227,8.75,55.0,Schleswig-Holstein
251256,9.0,55.0,Schleswig-Holstein
